^^а	1668
^^б	2287
^^в	3196
^^г	1718
^^д	2128
^^е	304
^^ё	2
^^ж	373
^^з	1969
^^и	1395
^^й	28
^^к	3284
^^л	1251
^^м	2462
^^н	3055
^^о	3124
^^п	7330
^^р	2535
^^с	4516
^^т	1816
^^у	1458
^^ф	815
^^х	676
^^ц	280
^^ч	618
^^ш	633
^^щ	79
^^ъ	1
^^ы	3
^^ь	1
^^э	661
^^ю	137
^^я	197
^а$	1
^аа	6
^аб	67
^ав	154
^аг	44
^ад	65
^аж	8
^аз	30
^аи	7
^ай	18
^ак	130
^ал	195
^ам	89
^ан	283
^ао	3
^ап	68
^ар	216
^ас	93
^ат	59
^ау	38
^аф	34
^ах	22
^ац	4
^ач	3
^аш	9
^ащ	1
^аэ	17
^ая	4
^б$	1
^ба	407
^бб	2
^бг	2
^бд	6
^бе	645
^бё	1
^бж	1
^бз	1
^би	124
^бк	1
^бл	197
^бм	3
^бо	319
^бп	1
^бр	253
^бс	2
^бт	5
^бу	237
^бх	3
^бы	44
^бь	6
^бэ	10
^бю	15
^бя	1
^в$	1
^ва	234
^вб	11
^вв	33
^вг	9
^вд	44
^ве	372
^вё	1
^вж	8
^вз	151
^ви	248
^вй	1
^вк	44
^вл	80
^вм	26
^вн	81
^во	633
^вп	78
^вр	86
^вс	198
^вт	47
^ву	19
^вх	7
^вц	5
^вч	10
^вш	6
^въ	7
^вы	710
^вь	9
^вэ	9
^вя	28
^г$	1
^га	261
^гб	3
^гв	11
^гг	1
^гд	5
^ге	216
^гё	1
^ги	120
^гк	3
^гл	149
^гм	2
^гн	39
^го	437
^гп	3
^гр	333
^гс	1
^гт	3
^гу	120
^гы	1
^гэ	6
^гю	2
^д$	1
^да	174
^дб	2
^дв	109
^дд	4
^де	457
^дё	1
^дж	128
^дз	11
^ди	263
^дй	1
^дк	1
^дл	15
^дм	10
^дн	19
^до	551
^дп	2
^др	151
^дс	2
^дт	2
^ду	130
^дф	1
^дх	2
^дц	1
^ды	34
^дь	11
^дэ	13
^дю	20
^дя	12
^е$	1
^ё$	1
^еб	7
^ев	54
^ег	17
^ед	37
^ее	1
^её	1
^еж	28
^ез	6
^ей	2
^ек	8
^ел	30
^ёл	1
^ем	7
^ен	15
^еп	8
^ер	31
^ес	21
^ет	5
^еу	1
^еф	11
^ех	5
^ец	1
^еш	1
^ещ	3
^еы	1
^еэ	2
^ж$	1
^жа	61
^жб	1
^жв	3
^жг	2
^жд	5
^же	110
^жё	7
^жж	3
^жи	102
^жк	3
^жл	1
^жм	3
^жн	1
^жо	19
^жр	7
^жс	1
^жу	33
^жь	1
^жэ	2
^жю	6
^жя	1
^з$	1
^за	1532
^зб	1
^зв	61
^зг	1
^зд	26
^зе	85
^зи	29
^зк	1
^зл	49
^зм	8
^зн	47
^зо	60
^зп	1
^зр	19
^зс	1
^зт	2
^зу	27
^зы	9
^зь	1
^зэ	1
^зю	1
^зя	6
^и$	1
^иа	5
^иб	10
^ив	28
^иг	43
^ид	46
^ие	22
^иж	6
^из	328
^ии	2
^ий	1
^ик	21
^ил	50
^им	83
^ин	317
^ио	25
^ип	9
^ир	45
^ис	304
^ит	17
^иу	6
^иф	3
^их	5
^иц	2
^ич	2
^иш	3
^ищ	3
^ию	7
^ия	1
^й$	1
^йа	3
^йе	6
^йо	16
^йт	1
^йы	1
^к$	1
^ка	725
^кб	6
^кв	56
^кг	4
^кд	1
^ке	78
^кз	2
^ки	197
^кй	1
^кк	2
^кл	205
^км	4
^кн	36
^ко	1183
^кп	9
^кр	433
^кс	15
^кт	4
^ку	285
^кф	1
^кх	3
^кц	1
^кы	3
^кь	2
^кэ	21
^кю	4
^кя	2
^л$	1
^ла	204
^лв	1
^лг	4
^лд	1
^ле	298
^лё	19
^лж	8
^лз	1
^ли	262
^лк	2
^лл	3
^лм	1
^ло	193
^лп	1
^лс	2
^лт	2
^лу	88
^лы	17
^ль	22
^лэ	6
^лю	94
^ля	21
^м$	1
^ма	731
^мб	5
^мв	8
^мг	13
^мд	3
^ме	437
^мё	8
^мз	2
^ми	354
^мк	3
^мл	15
^мм	6
^мн	86
^мо	465
^мп	4
^мр	13
^мс	14
^мт	2
^му	171
^мф	1
^мх	1
^мч	4
^мш	2
^мщ	1
^мы	41
^мэ	35
^мю	9
^мя	27
^н$	1
^на	1162
^нб	2
^нв	1
^нг	3
^нд	4
^не	1396
^нё	2
^нз	1
^ни	174
^нк	4
^нл	2
^нм	1
^нн	4
^но	199
^нп	7
^нр	8
^нс	1
^нт	2
^ну	26
^нф	1
^нх	1
^нц	1
^ны	13
^нь	9
^нэ	8
^ню	13
^ня	9
^о$	1
^оа	5
^об	783
^ов	51
^ог	96
^од	135
^ож	27
^оз	64
^ои	1
^ой	5
^ок	152
^ол	62
^ом	27
^он	32
^оо	5
^оп	242
^ор	147
^ос	317
^от	787
^оу	3
^оф	34
^ох	39
^оц	16
^оч	50
^ош	28
^ощ	11
^оэ	2
^оя	2
^п$	1
^па	521
^пб	1
^пв	4
^пг	2
^пд	3
^пе	908
^пё	2
^пж	1
^пз	1
^пи	217
^пк	1
^пл	268
^пм	3
^пн	4
^по	2554
^пп	3
^пр	2470
^пс	61
^пт	13
^пу	166
^пф	3
^пх	1
^пч	6
^пш	5
^пы	32
^пь	22
^пэ	5
^пю	2
^пя	50
^р$	1
^ра	1318
^рб	2
^рв	12
^рг	4
^рд	2
^ре	487
^рё	2
^рж	10
^ри	93
^рк	4
^рл	1
^рм	2
^рн	5
^ро	282
^рп	4
^рр	2
^рс	5
^рт	6
^ру	172
^рф	3
^рх	1
^ры	65
^рь	3
^рэ	15
^рю	8
^ря	26
^с$	1
^са	412
^сб	56
^св	276
^сг	42
^сд	41
^се	375
^сё	3
^сж	16
^сз	1
^си	258
^ск	327
^сл	253
^см	174
^сн	92
^со	666
^сп	293
^ср	73
^сс	21
^ст	687
^су	250
^сф	16
^сх	28
^сц	15
^сч	28
^сш	6
^съ	23
^сы	45
^сь	4
^сэ	13
^сю	14
^ся	7
^т$	1
^та	270
^тб	3
^тв	44
^тг	1
^тд	1
^те	352
^тё	21
^тз	1
^ти	112
^тк	14
^тл	5
^тм	1
^тн	2
^то	294
^тп	3
^тр	424
^тс	4
^тт	1
^ту	134
^тц	1
^тч	1
^тщ	14
^ты	24
^ть	5
^тэ	10
^тю	25
^тя	48
^у$	1
^уа	6
^уб	63
^ув	92
^уг	87
^уд	123
^уе	10
^уж	26
^уз	39
^уи	21
^уй	6
^ук	82
^ул	68
^ум	101
^ун	60
^уо	13
^уп	122
^ур	75
^ус	204
^ут	114
^уф	6
^ух	28
^уц	2
^уч	69
^уш	16
^ущ	8
^уэ	8
^ую	3
^уя	5
^ф$	1
^фа	146
^фб	1
^фв	1
^фг	1
^фе	112
^фё	2
^фз	2
^фи	160
^фй	1
^фк	2
^фл	57
^фм	1
^фн	1
^фо	146
^фп	2
^фр	109
^фс	6
^фт	3
^фу	51
^фф	1
^фы	2
^фь	3
^фэ	2
^фю	2
^х$	1
^ха	157
^хв	30
^хд	1
^хе	40
^хз	1
^хи	51
^хл	53
^хм	15
^хн	2
^хо	158
^хр	95
^хт	1
^ху	50
^хх	4
^хы	1
^хь	5
^хэ	11
^ц$	1
^ца	32
^цб	3
^цв	19
^цд	2
^це	124
^цз	6
^ци	64
^цк	2
^цн	1
^цо	5
^цп	1
^цр	2
^цс	2
^цу	5
^цы	8
^ць	1
^цэ	1
^цю	1
^ч$	1
^ча	92
^чв	1
^че	269
^чё	18
^чж	4
^чи	80
^чк	4
^чл	5
^чм	5
^чн	1
^чо	7
^чп	1
^чр	11
^чс	1
^чт	15
^чу	100
^чь	2
^чэ	1
^ш$	1
^ша	140
^шв	21
^ше	105
^шё	2
^ши	72
^шк	21
^шл	28
^шм	14
^шн	10
^шо	42
^шп	26
^шр	8
^шт	80
^шу	59
^шх	1
^шч	1
^шы	1
^шэ	1
^щ$	1
^ща	4
^ще	53
^щё	1
^щи	8
^що	1
^щу	11
^ъ$	1
^ы$	1
^ый	1
^ыт	1
^ь$	1
^э$	1
^эб	1
^эв	31
^эг	14
^эд	27
^эз	3
^эй	14
^эк	149
^эл	115
^эм	46
^эн	55
^эо	1
^эп	33
^эр	44
^эс	42
^эт	51
^эф	16
^эх	5
^эц	1
^эш	7
^эы	1
^ээ	3
^эя	1
^ю$	1
^юа	3
^юб	7
^юв	6
^юг	8
^юд	8
^юж	9
^юз	3
^юи	1
^юй	1
^юк	3
^юл	11
^юм	5
^юн	22
^юп	2
^юр	35
^юс	6
^ют	3
^юф	1
^ющ	1
^юы	1
^я$	1
^яа	1
^яб	6
^яв	16
^яг	10
^яд	9
^яе	2
^яз	16
^яи	5
^яй	3
^як	25
^ял	2
^ям	12
^ян	26
^яп	6
^яр	25
^яс	13
^ят	2
^яу	1
^яф	1
^ях	2
^яч	4
^яш	4
^ящ	5
аа$	5
ааа	7
ааг	2
аад	1
аак	5
аал	2
аам	3
аан	1
аап	1
аар	2
аас	2
аат	2
ааф	1
аащ	1
аб$	20
аба	109
абб	11
абв	8
абд	4
абе	51
абж	12
абз	1
аби	78
абк	9
абл	63
абн	12
або	145
абр	61
абс	24
абу	31
абф	2
абх	4
абы	21
ав$	40
ава	223
авб	1
авв	6
авг	5
авд	33
аве	140
авё	1
авз	3
ави	274
авк	52
авл	202
авм	8
авн	131
аво	141
авр	47
авс	39
авт	97
аву	9
авх	1
авц	2
авч	9
авш	5
авщ	2
авы	38
авь	6
авю	1
авя	31
аг$	27
ага	135
агб	1
агв	3
агг	2
агд	5
аге	33
аги	63
агл	30
агм	14
агн	44
аго	191
агр	92
агс	4
агу	15
агш	1
ад$	79
ада	179
адб	3
адв	15
адг	2
адд	7
аде	134
адё	5
адж	16
адз	12
ади	192
адк	56
адл	14
адм	18
адн	82
адо	128
адп	3
адр	52
адс	23
адт	3
аду	41
адц	36
адч	10
адш	3
адъ	1
ады	57
адь	17
адю	4
адя	2
ае$	1
аеб	1
аев	43
аед	3
аеж	1
аез	6
аек	3
аем	90
аен	3
аеп	1
аер	3
аес	3
ает	2
аёт	23
аеу	1
аех	3
аец	3
аеч	2
аеш	1
аёш	1
аж$	56
ажа	61
ажд	52
аже	55
ажи	111
ажк	7
ажм	3
ажн	55
ажо	6
ажр	3
ажс	1
ажу	5
ажч	1
ажь	1
аз$	58
аза	148
азб	51
азв	118
азг	62
азд	112
азе	42
азж	12
ази	131
азк	11
азл	40
азм	77
азн	132
азо	122
азп	1
азр	65
азс	5
азу	65
азц	2
азч	5
азъ	18
азы	57
азь	4
азэ	1
аи$	5
аиб	2
аив	55
аиг	8
аид	6
аиз	4
аик	8
аил	16
аим	29
аин	28
аир	3
аис	12
аит	13
аиф	1
аих	1
аич	6
аиш	1
аия	1
ай$	63
айа	3
айб	3
айв	10
айг	4
айд	33
айе	9
айз	16
айи	2
айк	46
айл	30
айм	22
айн	59
айо	13
айп	4
айр	5
айс	32
айт	38
айу	1
айф	8
айх	2
айц	4
айч	5
айш	22
айщ	1
айя	7
ак$	135
ака	167
акб	2
акв	14
акг	3
акд	3
аке	31
акж	1
аки	75
акк	29
акл	57
акм	4
акн	5
ако	230
акп	1
акр	57
акс	65
акт	154
аку	60
акф	1
акх	3
акц	27
акш	2
акь	1
акэ	1
ал$	154
ала	134
алб	5
алв	3
алг	5
алд	16
але	220
алё	8
алж	3
али	488
алк	79
алл	90
алм	20
ало	175
алп	4
алр	1
алс	6
алт	38
алу	27
алф	7
алх	4
алч	7
алы	40
аль	708
алю	18
аля	36
ам$	48
ама	107
амб	48
амв	6
амг	1
амд	1
аме	228
амё	1
амз	7
ами	89
амк	12
амл	5
амм	55
амн	14
амо	223
амп	39
амр	3
амс	23
амт	1
аму	35
амф	6
амч	2
амш	3
амщ	1
амы	27
амь	1
амю	1
амя	18
ан$	375
ана	174
анб	3
анв	2
анг	71
анд	243
ане	137
анё	1
анж	20
анз	11
ани	1006
анк	120
анм	1
анн	404
ано	201
анп	2
анр	5
анс	242
ант	356
ану	31
анф	8
анх	11
анц	49
анч	34
анш	8
анщ	2
аны	31
ань	83
анэ	1
аню	9
аня	44
ао$	17
аоб	5
аод	1
аоз	1
аои	1
аок	2
аол	2
аом	1
аон	3
аор	4
аос	9
аот	7
аоч	2
аощ	1
ап$	18
апа	91
апг	2
апе	65
апи	81
апк	9
апл	45
апн	14
апо	116
апп	22
апр	108
апс	10
апт	21
апу	41
апф	1
апх	2
апч	3
апш	2
апы	15
апю	1
апя	6
ар$	150
ара	327
арб	28
арв	21
арг	34
ард	107
аре	163
арж	6
арз	4
ари	372
арк	146
арл	43
арм	70
арн	142
аро	190
арп	19
арр	23
арс	96
арт	200
ару	53
арф	17
арх	67
арц	11
арч	11
арш	36
арщ	5
ары	39
арь	74
аря	41
ас$	96
аса	63
асб	4
асв	7
асг	1
асе	44
асё	2
аси	120
аск	174
асл	56
асм	22
асн	89
асо	78
асп	172
аср	2
асс	251
аст	609
асу	15
асф	5
асх	21
асц	13
асч	33
асш	31
асщ	5
асы	46
ась	17
ася	8
ат$	221
ата	188
атв	19
атд	1
ате	468
ати	397
атк	48
атл	30
атм	9
атн	103
ато	323
атр	125
атс	33
атт	25
ату	86
атф	4
атх	2
атц	1
атч	15
аты	222
ать	5348
атэ	4
атю	11
атя	20
ау$	12
ауб	3
аув	1
ауг	3
ауд	21
ауз	11
аук	9
аул	20
аум	12
аун	17
ауп	5
аур	17
аус	10
аут	23
ауф	1
аух	3
ауч	20
ауш	5
аущ	1
ауэ	9
аф$	29
афа	20
афб	1
афг	4
афе	15
афи	93
афк	1
афл	1
афн	4
афо	25
афр	10
афс	3
афт	7
афф	8
афч	1
афь	3
ах$	34
аха	63
ахв	11
ахе	10
ахи	33
ахл	17
ахм	29
ахн	24
ахо	58
ахр	9
ахс	5
ахт	20
аху	2
ахх	2
ахч	1
ахь	1
ац$	8
аца	6
ацб	2
ацв	2
ацд	1
аце	22
аци	443
ацк	14
ацл	1
ацн	1
ацп	1
ацт	2
ацц	2
ач$	24
ача	93
аче	76
ачё	1
ачи	154
ачк	33
ачл	3
ачн	57
ачо	22
ачт	1
ачу	8
ачф	1
ачч	1
ачш	1
ачь	1
аш$	20
аша	46
ашв	7
аше	47
ашё	3
аши	88
ашк	53
ашл	10
ашм	5
ашн	28
ашо	10
ашп	2
ашр	2
ашс	1
ашт	8
ашу	3
ашх	1
ашь	1
ашю	4
ащ$	1
аща	29
аще	35
ащи	72
ащо	1
ащу	3
аэ$	1
аэл	3
аэр	16
аэс	3
аэт	1
аюк	4
аюн	1
ают	1
аюч	2
ающ	86
ая$	116
аяб	1
аяв	11
аяд	1
аяк	4
аял	2
аян	22
аяр	1
аяс	1
аят	24
аяц	4
аяч	4
ба$	87
баа	1
баб	37
бав	43
баг	16
бад	14
бае	2
баж	2
баз	27
баи	2
бай	34
бак	40
бал	109
бам	7
бан	97
бао	2
бап	2
бар	122
бас	48
бат	132
бау	9
баф	1
бах	15
бац	8
бач	16
баш	21
баю	6
бая	4
бб$	3
бба	7
ббе	3
бби	15
ббо	5
ббр	1
ббс	2
ббь	1
бва	3
бве	16
бви	12
бво	6
бву	1
бвя	2
бг$	2
бгл	1
бго	6
бгу	2
бд$	2
бда	3
бдд	1
бде	4
бди	6
бду	11
бе$	7
беа	5
бев	4
бег	45
бед	64
бёд	1
беж	53
без	246
бей	18
бек	20
бел	130
бен	56
бён	5
бер	195
бес	235
бет	34
бех	1
бец	11
беч	4
беш	7
бещ	7
бж$	1
бжа	5
бже	11
бжи	7
бжо	3
бза	3
бзв	2
бзи	1
бзо	3
бзы	2
би$	26
биа	3
биб	13
бив	47
биг	4
бид	15
бие	24
биж	5
биз	10
бий	15
бик	13
бил	68
бим	12
бин	84
био	32
бип	2
бир	82
бис	17
бит	207
биф	1
бих	4
биц	10
бич	5
биш	4
бищ	8
бия	14
бк$	3
бка	29
бки	9
бкл	2
бкн	1
бко	12
бкр	1
бку	2
бл$	6
бла	174
блд	2
бле	116
блё	1
бли	125
бло	49
блс	1
блт	1
блу	22
блы	3
бль	10
блэ	2
блю	32
бля	30
бма	17
бмв	1
бме	10
бми	1
бмо	8
бмп	2
бму	1
бмы	2
бмя	1
бн$	2
бна	22
бне	3
бни	27
бно	67
бну	11
бны	77
бню	2
бня	7
бо$	21
боб	24
бов	79
бог	55
бод	48
бое	15
бож	36
боз	21
бои	7
бой	48
бок	41
бол	136
бом	26
бон	28
боо	1
боп	9
бор	192
бос	50
бот	96
боу	4
боф	1
боц	2
боч	34
бош	2
бощ	2
бою	3
боя	17
бп$	3
бпо	1
бр$	8
бра	302
бре	118
брё	1
бри	91
брн	1
бро	141
брр	3
бру	38
бры	23
брь	8
брэ	6
брю	17
бря	19
бс$	9
бса	3
бсе	5
бси	3
бск	11
бсл	11
бсо	9
бсс	1
бст	40
бсу	10
бсч	2
бсы	1
бт$	2
бте	4
бти	4
бто	1
бтр	2
бть	1
бтя	3
бу$	4
буа	1
буб	10
був	3
буг	10
буд	42
буе	1
буж	12
буз	11
буи	1
буй	6
бук	34
бул	52
бум	10
бун	23
буо	1
бур	95
бус	26
бут	29
буф	6
бух	25
буц	3
буч	14
буш	15
буэ	2
буя	4
бфа	1
бфо	1
бха	8
бхв	3
бхо	12
бце	1
бци	1
бцо	1
бцы	2
бча	3
бче	1
бчи	7
бша	4
бше	1
бши	5
бшл	1
бща	11
бще	44
бщи	15
бщн	3
бъе	39
бъё	6
бъя	19
бы$	9
быв	36
быг	3
быд	4
бый	11
бык	8
был	21
бын	2
быс	16
быт	49
быч	16
быш	4
бь$	15
бье	6
бьё	2
бьи	1
бью	4
бья	4
бэ$	2
бэб	1
бэд	2
бэк	2
бэн	1
бэр	1
бэт	2
бюд	8
бюл	2
бюр	11
бюс	4
бют	4
бя$	1
бяз	14
бяк	1
бял	1
бян	3
бят	6
бяч	3
бящ	1
ва$	260
ваа	2
ваб	1
вав	6
ваг	19
вад	29
вае	32
важ	31
ваз	8
ваи	10
вай	24
вак	28
вал	233
вам	5
ван	633
вао	1
вап	1
вар	203
вас	45
ват	2893
вау	2
ваф	3
вах	12
вац	15
вач	4
ваш	14
ващ	1
ваю	21
вая	11
вб$	2
вбе	3
вби	3
вбл	1
вбо	3
вбр	2
вбу	1
вбь	1
вв$	1
вва	5
вве	14
ввё	1
вви	3
вво	10
ввп	1
ввр	1
ввс	1
ввц	1
ввы	1
ввя	2
вг$	2
вгб	1
вге	5
вги	1
вгл	3
вго	5
вгр	2
вгт	1
вгу	4
вд$	10
вда	22
вдв	5
вде	4
вди	6
вдн	1
вдо	35
вдр	3
вду	6
вды	4
ве$	9
веб	7
вев	3
вег	7
вед	143
вее	7
веж	24
вез	38
вёз	5
вей	35
век	36
вел	108
вёл	8
вём	2
вен	396
вео	1
веп	3
вер	587
вёр	8
вес	208
вет	251
вёт	5
веф	1
вех	2
вец	48
веч	61
веш	34
вёш	1
вещ	48
вею	1
вея	7
вжа	1
вжи	7
вз$	1
вза	28
взб	14
взв	24
взг	6
взд	22
взи	5
взл	12
взм	10
взн	3
взо	8
взр	20
взъ	1
взы	6
взя	13
ви$	9
виа	34
виб	4
вив	18
виг	35
вид	140
вие	65
виж	34
виз	69
вии	1
вий	14
вик	53
вил	61
вим	18
вин	214
вио	6
вип	1
вир	54
вис	87
вит	370
виу	2
виф	2
вих	8
виц	21
вич	170
виш	13
вищ	8
вия	17
вй$	1
вк$	4
вка	240
вки	10
вкл	18
вкн	2
вко	16
вкп	2
вкр	7
вкс	1
вку	19
вл$	1
вла	76
вле	194
влё	2
вли	57
влк	1
вло	17
влт	1
влу	2
влы	1
вль	3
влю	7
вля	136
вм$	3
вма	8
вме	33
вми	3
вмк	1
вмо	3
вмп	1
вмс	1
вмф	1
вмя	1
вн$	5
вна	69
вне	58
вни	89
вно	197
внп	1
вну	35
внщ	1
вны	197
вню	1
вня	23
во$	547
воа	1
воб	34
вов	185
вог	9
вод	266
вое	61
воё	5
вож	31
воз	238
вои	33
вой	239
вок	46
вол	260
вом	14
вон	52
воо	45
воп	59
вор	369
вос	257
вот	31
воу	3
воф	1
вох	1
воц	6
воч	39
вош	3
вощ	5
воэ	1
вою	2
воя	12
вп$	1
впа	13
впе	17
впи	13
впк	1
впл	8
впо	13
впр	16
впу	3
впя	1
вр$	18
вра	104
вре	80
врё	1
ври	25
вро	51
вру	12
вры	4
вря	4
вс$	8
вса	8
все	75
всё	2
вск	304
всл	7
всм	3
всн	1
всо	1
всп	30
вср	1
вст	114
всу	3
всх	7
всы	1
всю	4
вся	12
вт$	11
вта	5
вте	2
вти	15
вто	117
втр	12
вту	4
вты	2
втя	6
ву$	5
вуа	5
вуг	1
вуд	8
вуз	4
вуи	1
вуй	1
вук	13
вул	15
вум	1
вун	2
вуо	1
вур	2
вус	10
вут	3
вуф	1
вух	25
вуч	22
вуш	11
вую	22
вуя	2
вф$	1
вфе	1
вфр	2
вх$	1
вха	1
вхо	11
вц$	3
вца	1
вце	5
вци	2
вцо	5
вцы	1
вч$	2
вча	8
вче	14
вчи	22
вчк	1
вчо	2
вчу	4
вш$	2
вша	2
вше	2
вши	22
вшэ	1
вщи	28
въ$	1
въе	6
вы$	6
выб	33
выв	87
выг	36
выд	54
вые	14
выж	13
выз	16
выи	5
вый	584
вык	58
выл	33
вым	31
вын	21
выо	1
вып	81
выр	82
выс	147
выт	40
выу	6
вых	19
выц	3
выч	33
выш	47
выя	11
вь$	19
вье	24
вьё	1
вьи	2
вью	9
вья	1
вэ$	1
вэб	1
вэд	2
вэй	2
вэл	1
вэн	3
вэр	1
вюр	1
вяг	2
вяд	5
вяж	1
вяз	98
вяк	10
вял	5
вян	19
вяс	1
вят	37
вяч	5
вяш	1
вящ	22
га$	139
гаа	2
габ	10
гав	23
гаг	7
гад	49
гае	8
гаж	5
газ	36
гаи	4
гай	14
гак	4
гал	99
гам	17
ган	153
гао	2
гап	5
гар	115
гас	32
гат	246
гау	12
гаф	4
гац	7
гач	5
гаш	11
гащ	3
гаю	4
гб$	3
гба	4
гбе	2
гби	2
гв$	1
гва	13
гве	2
гви	7
гво	5
гвы	1
гвь	1
гг$	1
гге	11
гги	3
гго	2
ггу	1
гд$	1
гда	23
где	5
гдо	1
гдр	1
ге$	4
геб	4
гев	4
гег	4
гед	3
гее	7
гез	1
геи	1
гей	22
гек	3
гел	33
гем	16
ген	135
гео	28
геп	2
гер	113
гес	18
гет	23
гёт	1
геф	2
геш	2
гея	2
гжа	1
гза	2
ги$	17
гиа	3
гиб	43
гив	72
гиг	6
гид	15
гие	12
гиз	13
гий	25
гик	10
гил	25
гим	17
гин	60
гио	12
гип	37
гир	21
гис	27
гит	24
гич	97
гиш	2
гия	88
гк$	2
гка	2
гке	1
гки	7
гко	21
гкч	1
гл$	2
гла	164
гле	20
гли	46
гло	53
глу	59
глы	10
глю	5
гля	59
гм$	1
гма	21
гме	10
гму	1
гна	42
гне	44
гнё	1
гни	26
гно	37
гну	101
гня	1
го$	80
гоа	2
гоб	8
гов	196
гог	24
год	98
гое	4
гож	14
гоз	9
гои	8
гой	12
гок	8
гол	187
гом	38
гон	112
гоо	9
гоп	28
гор	324
гос	133
гот	97
гоу	11
гоф	6
гох	3
гоц	7
гоч	9
гош	6
гощ	5
гоэ	2
гою	1
гоя	2
гпк	1
гпо	1
гпу	2
гр$	4
гра	340
гре	161
гри	78
грн	1
гро	90
гру	113
гры	38
грэ	6
грю	2
гря	21
гс$	2
гсб	1
гск	15
гсм	1
гсо	1
гст	6
гсш	1
гте	1
гти	1
гтк	1
гто	5
гтр	2
гтс	1
гту	1
гть	1
гтя	1
гу$	12
гуа	3
губ	30
гув	4
гуг	2
гуд	13
гуз	1
гуи	2
гук	1
гул	66
гум	24
гун	24
гуп	3
гур	41
гус	36
гут	7
гуч	5
гуш	8
гущ	10
гуэ	1
гую	2
гфе	1
гфр	1
гфу	1
гх$	1
гц$	1
гча	8
гче	4
гчи	5
гшт	1
гы$	1
гыз	2
гэ$	1
гэл	2
гэн	1
гэр	1
гэс	1
гэт	1
гюг	1
гюн	1
гюс	2
да$	262
даа	1
даб	2
дав	120
даг	12
дад	3
дае	7
даё	16
даж	11
даи	1
дай	12
дак	34
дал	110
дам	29
дан	141
дао	4
дап	10
дар	132
дас	7
дат	326
дау	5
даф	1
дах	2
дац	6
дач	48
даш	14
даю	11
дая	3
дб$	1
дба	4
дбе	3
дби	6
дбо	5
дбр	4
дбъ	1
дв$	2
два	26
двд	1
две	43
двз	5
дви	104
двк	4
двл	2
дво	81
двр	1
дву	44
двы	3
двэ	1
двя	2
дга	1
дги	1
дгл	2
дгн	1
дго	19
дгр	5
дгу	1
дд$	7
дда	11
ддв	1
ддд	76
дде	13
дди	15
ддо	6
ддр	1
ддт	1
дды	1
ддя	1
де$	9
деа	9
деб	25
дев	77
дег	11
дед	15
дее	14
деж	25
дёж	5
дез	22
деи	1
дей	61
дек	49
дел	294
дем	74
дём	6
ден	310
дён	2
део	25
деп	22
дер	250
дес	82
дет	154
дёт	22
деу	1
деф	19
дех	1
дец	33
деч	12
деш	17
дёш	5
дея	31
дж$	21
джа	34
джд	1
дже	83
джи	44
джл	1
джм	2
джн	1
джо	32
джс	1
джу	14
джш	1
дза	9
дзе	14
дзи	6
дзн	2
дзо	9
дзу	2
дзы	1
дзь	1
дзэ	1
дзю	1
дзя	1
ди$	46
диа	55
диб	2
див	56
диг	4
дид	10
дие	26
диж	1
диз	16
дий	17
дик	79
дил	26
дим	65
дин	229
дио	70
дип	10
дир	83
дис	109
дит	399
диу	5
диф	19
дих	1
диц	22
дич	33
диш	4
дищ	3
дия	40
дй$	1
дк$	2
дка	105
дкб	1
дки	21
дкл	8
дко	43
дкр	10
дку	5
дл$	1
дла	9
дле	33
дли	62
дло	28
длу	1
длы	3
дль	1
для	5
дм$	1
дма	7
дме	21
дми	31
дмн	1
дмо	5
дму	3
дмы	3
дмя	1
дн$	2
дна	28
дне	74
днё	1
дни	106
днк	1
дно	232
дну	1
днх	1
дны	237
дня	27
до$	57
доб	147
дов	284
дог	40
дод	17
дое	21
дож	26
доз	31
дои	12
дой	18
док	102
дол	132
дом	97
дон	96
доо	7
доп	63
дор	153
дос	177
дот	49
доу	15
доф	2
дох	49
доц	2
доч	58
дош	7
дощ	3
доя	1
дп$	1
дпа	3
дпе	4
дпи	21
дпл	3
дпо	28
дпр	19
дпс	1
дпу	4
др$	16
дра	149
дре	90
дрз	1
дри	50
дро	96
дрп	1
дрс	4
дру	56
дры	19
дрю	7
дря	24
дс$	8
дса	6
дсв	4
дсе	13
дси	1
дск	80
дсл	5
дсм	8
дсн	1
дсо	18
дсп	4
дст	125
дсу	4
дсч	4
дсы	1
дт$	5
дта	7
дтв	5
дте	6
дти	7
дто	3
дтп	1
дтр	2
дтс	1
дть	3
дтя	7
ду$	15
дуа	15
дуб	28
дув	18
дуг	10
дуд	6
дуе	3
дуж	3
дуз	1
дуи	5
дук	28
дул	11
дум	67
дун	19
дуп	6
дур	42
дус	23
дут	22
дуу	1
дух	17
дуц	3
дуч	4
душ	85
дущ	15
дуэ	3
дую	10
дфг	1
дфе	1
дфо	1
дх$	1
дха	3
дхв	3
дхо	4
дца	41
дце	5
дцо	1
дцп	1
дцы	1
дча	4
дче	17
дчё	1
дчи	37
дчу	2
дша	4
дше	13
дши	15
дшн	1
дшт	3
дшу	2
дъе	10
дъё	2
дъю	1
дъя	6
ды$	23
дыб	7
дыв	79
дыг	5
дыд	1
дые	1
дыж	1
дый	12
дык	7
дым	16
дын	5
дыр	12
дыс	3
дыт	2
дых	18
дыч	4
дыш	21
дь$	51
дьб	5
дье	11
дьк	7
дьм	4
дью	1
дья	13
дэ$	1
дэб	2
дэв	4
дэз	1
дэй	2
дэм	1
дэн	3
дю$	1
дюб	1
дюг	1
дюе	1
дюж	5
дюз	1
дюй	2
дюк	4
дюл	1
дюм	2
дюн	3
дюр	3
дюс	5
дюч	1
дюш	4
дя$	12
дяг	5
дяд	7
дяе	2
дяж	1
дяй	3
дяк	3
дян	4
дяс	1
дят	4
дяч	3
дящ	22
еа$	5
еаб	4
еаг	7
еад	5
еаз	1
еак	11
еал	41
еам	1
еан	19
еап	3
еас	1
еат	18
еац	4
еб$	11
еба	33
ёба	1
ебб	2
ебе	70
ебё	5
еби	32
ебк	2
ебл	27
ебм	1
ебн	39
ебо	51
ебр	36
ёбр	1
ебс	5
ебт	1
ебу	7
ёбу	1
ебы	13
ёбы	1
ебь	2
ебю	5
ебя	10
ев$	282
ёв$	2
ева	247
ёва	1
евв	1
евг	6
евд	8
еве	123
евё	1
евз	10
еви	133
евк	22
ёвк	2
евл	11
евм	7
евн	97
ево	201
евп	3
евр	76
евс	72
евт	12
еву	6
евф	1
евх	1
евц	2
евч	10
евш	5
евщ	1
евы	80
ёвы	1
евь	2
евя	22
ег$	22
ёг$	1
ега	91
ёга	1
егб	2
егг	5
егд	7
еге	21
еги	60
егк	15
ёгк	10
егл	15
егм	4
егн	13
его	106
егр	52
егс	1
егт	1
егу	31
егч	9
егэ	1
ед$	64
ёд$	3
еда	120
ёда	1
едб	2
едв	52
едг	2
едд	6
еде	163
едё	3
едж	11
едз	1
еди	201
едк	22
едл	44
едм	8
едн	106
едо	268
ёдо	3
едп	36
едр	51
ёдр	1
едс	70
едт	3
еду	55
едч	9
едш	11
едъ	6
еды	8
едь	22
едю	1
едя	5
ее$	49
её$	2
еев	57
еег	1
еед	1
еез	2
еек	3
еем	5
еен	5
ееп	1
еер	6
еес	9
еет	1
еёт	1
еех	1
еец	10
ееч	3
еж$	21
ежа	53
ёжа	2
ежб	3
ежв	2
ежг	3
ежд	46
еже	54
ежз	1
ежи	60
ёжи	1
ежк	28
ёжк	1
ежл	7
ежм	1
ежн	58
ёжн	3
ежо	10
ежп	2
ежр	3
ежс	8
ежт	1
ежу	9
ежч	1
ежь	7
ёжь	1
ежэ	1
ез$	40
ёз$	3
еза	115
езб	13
езв	57
езг	15
езд	94
ёзд	4
езе	36
езё	2
езж	29
езз	17
ези	51
езк	12
езл	10
езм	13
езн	75
ёзн	9
езо	74
езр	33
езт	23
езу	39
езч	2
езы	7
ёзы	1
езь	9
езю	2
езя	2
еи$	1
еив	14
еиг	2
еид	2
еиз	33
еим	10
еин	10
еир	1
еис	30
еит	14
еич	3
ей$	108
ёй$	2
ейб	10
ейв	3
ейг	5
ейд	25
ейе	11
ейз	7
ейк	52
ейл	25
ейм	28
ейн	90
ейо	1
ейп	6
ейр	9
ейс	112
ейт	35
ейф	6
ейх	4
ейц	5
ейч	5
ейш	78
ейщ	3
ейя	1
ек$	147
ёк$	5
ека	146
екв	14
екд	2
еке	10
еки	29
ёки	4
екк	6
екл	58
ёкл	1
екн	6
еко	105
ёко	2
екп	1
екр	69
екс	94
ект	213
еку	39
ёку	1
екц	29
екш	1
екь	1
екю	1
ел$	62
ёл$	27
ела	97
ёла	2
елв	1
елг	4
елд	5
еле	303
елё	20
ели	294
елк	57
ёлк	3
елл	82
елм	1
елн	4
ело	195
ёло	3
елп	1
елс	2
ёлс	1
елт	10
ёлт	2
елу	12
елч	3
елы	45
ёлы	7
ель	1334
елю	17
еля	71
ем$	56
ём$	30
ема	93
ёма	4
емб	16
емг	3
еме	178
емё	3
ёме	2
емз	2
еми	105
емк	22
ёмк	2
емл	47
емм	5
емн	89
ёмн	9
емо	141
ёмо	3
емп	19
емр	1
емс	8
ёмс	2
емт	1
ему	21
емф	2
емц	1
емч	3
емщ	4
емы	107
ёмы	2
емь	20
емя	16
ен$	167
ён$	9
ена	131
ёна	3
енб	21
енв	3
енг	20
енд	92
ене	188
енз	32
ени	1159
енк	167
ёнк	7
енл	2
енн	1068
ённ	20
ено	173
ёно	5
енп	3
енр	7
енс	151
ент	405
ену	12
енф	2
енх	4
енц	64
енч	39
енш	8
енщ	11
ены	61
ёны	9
ень	251
ёнь	1
еню	4
еня	56
ёня	1
ео$	10
еоб	63
еог	10
еод	35
еож	4
еоз	3
еои	1
еок	12
еол	29
еом	6
еон	32
еоп	32
еор	32
еос	25
еот	19
еоу	1
еоф	11
еох	4
еоц	4
еоч	2
еощ	1
еп$	13
епа	61
епе	73
епи	71
епк	21
епл	77
ёпл	6
епн	18
епо	165
ёпо	1
епп	6
епр	182
епс	10
епт	30
епу	15
епц	3
епч	4
епш	1
епы	4
епь	4
епя	6
ер$	608
ёр$	7
ера	258
ёра	2
ерб	46
ерв	110
ерг	116
ерд	73
ёрд	2
ере	976
ерё	11
ерж	124
ерз	41
ери	283
ерк	106
ёрк	1
ерл	31
ерм	82
ерн	328
ёрн	12
еро	152
ёро	2
ерп	66
ерр	38
ерс	172
ерт	213
ёрт	13
еру	23
ерф	14
ерх	48
ерц	27
ерч	20
ерш	62
ерщ	4
еры	18
ёры	2
ерь	51
ерю	2
еря	50
ес$	76
ёс$	5
еса	40
ёса	1
есб	5
есв	10
есг	3
есд	4
есе	87
есё	6
еси	50
еск	669
есл	43
есм	12
есн	104
есо	88
есп	147
еср	5
есс	175
ест	854
ёст	4
есу	18
есф	1
есх	5
есц	15
есч	24
есш	3
есъ	1
есы	16
есь	17
еся	55
ет$	230
ёт$	62
ета	186
ёта	5
етб	3
етв	57
етд	3
ете	128
ёте	8
ети	185
етк	70
ётк	3
етл	38
ётл	1
етм	2
етн	177
ётн	2
ето	95
ёто	5
етр	146
ётр	1
етс	51
ётс	18
етт	22
ету	15
ёту	2
етх	5
етч	35
етш	4
еты	19
ёты	4
еть	535
етя	8
ётя	1
еуб	5
еув	13
еуг	6
еуд	20
еуе	1
еуж	3
еуз	3
еук	10
еул	4
еум	13
еуп	5
еур	6
еус	28
еут	8
еух	2
еуч	4
еуш	1
еую	2
еуя	2
еф$	16
ефа	8
ефе	19
ефи	21
ефл	10
ефн	3
ефо	29
ефр	14
ефс	3
ефт	23
ефф	3
ефь	2
ех$	20
ёх$	2
еха	51
ёха	1
ехв	6
ехг	1
ехд	2
ехи	16
ехк	2
ехл	4
ехм	7
ехн	47
ехо	46
ехп	3
ехс	1
ехт	7
еху	2
ехц	1
ехч	1
ехэ	2
ец$	359
ецв	1
еце	24
еци	34
ецк	36
ецн	2
ецо	9
ецп	1
ецс	2
ецш	1
ецэ	1
еч$	2
еча	88
ече	122
ечё	1
ечи	73
ечк	67
ечл	1
ечн	91
ечо	4
ечт	11
ечу	4
ечь	98
еш$	4
еша	50
ёша	2
еше	57
ешё	2
ёше	1
еши	77
ешк	27
ёшк	1
ешл	3
ешн	46
ешо	11
ешс	1
ешт	7
ешу	5
ешь	2
ёшь	7
ещ$	3
еща	66
ёща	1
ещд	1
еще	41
ещё	1
ещи	19
ещм	1
ещн	1
ещо	1
ещр	1
ещу	2
ещь	1
еыщ	1
еэк	2
еэп	1
еэс	1
еэт	1
еэф	4
ею$	1
еющ	2
ея$	42
еяв	3
еяд	3
еял	3
еян	16
еяр	1
еяс	4
еят	42
жа$	42
жаб	5
жав	20
жаг	1
жад	6
жае	6
жаж	2
жаз	2
жай	13
жак	11
жал	40
жам	3
жан	59
жао	1
жар	29
жас	15
жат	227
жах	1
жач	2
жащ	11
жаю	8
жая	1
жба	8
жби	4
жбю	1
жва	3
жве	1
жву	1
жга	1
жге	1
жго	2
жгу	2
жд$	1
жда	113
жде	111
ждё	6
жди	8
ждл	1
ждо	6
жду	7
жды	9
ждь	2
же$	26
жеб	4
жев	38
жег	7
жед	7
жез	5
жеи	1
жей	13
жек	9
жел	96
жёл	9
жем	14
жен	288
жён	5
жеп	1
жер	56
жес	88
жёс	3
жет	21
жеф	5
жец	7
жеч	16
жж$	1
жжа	5
жже	6
жжи	1
жзв	1
жи$	15
жив	177
жиг	24
жид	23
жие	7
жиж	3
жиз	24
жии	1
жий	32
жик	12
жил	26
жим	44
жин	44
жио	1
жип	1
жир	36
жис	14
жит	190
жих	1
жиц	5
жич	3
жищ	4
жия	3
жк$	1
жка	84
жки	6
жко	9
жку	5
жкх	1
жли	10
жло	1
жме	2
жмо	1
жму	6
жн$	2
жна	3
жне	18
жни	57
жно	96
жны	121
жня	11
жо$	6
жоа	2
жоб	1
жов	8
жог	3
жод	1
жое	1
жоз	5
жой	4
жок	21
жол	3
жом	1
жон	16
жоп	3
жор	18
жос	1
жот	2
жоу	1
жоч	2
жош	2
жоэ	1
жпл	1
жпр	1
жр$	2
жра	8
жре	5
жри	1
жсе	2
жск	23
жто	1
жть	1
жу$	2
жуа	6
жуг	2
жуд	4
жуж	4
жуз	1
жуй	3
жук	4
жул	7
жун	2
жур	29
жут	8
жуф	1
жух	2
жуч	2
жущ	3
жчи	4
жчь	1
жше	1
жь$	10
жье	10
жьё	1
жэк	1
жэт	1
жэу	1
жюл	4
жюр	1
жюс	1
жя$	1
за$	89
заа	2
заб	107
зав	172
заг	107
зад	95
зае	15
заж	27
заз	17
заи	52
зай	14
зак	183
зал	65
зам	152
зан	133
зао	10
зап	209
зар	123
зас	152
зат	290
зау	17
заф	2
зах	50
зац	112
зач	42
заш	20
защ	26
зая	13
зба	13
збе	24
зби	27
збл	2
збо	26
збр	20
збу	21
збы	6
зв$	1
зва	51
зве	140
звё	5
зви	52
звк	2
звл	12
звн	1
зво	122
звр	29
зву	28
звы	18
звя	14
зг$	6
зга	15
зги	16
згл	35
згн	8
зго	40
згр	23
згу	4
зд$	27
зда	79
здв	15
зде	79
зди	21
здк	4
здн	37
здо	51
здр	37
зду	24
здц	1
зды	11
здь	3
зе$	16
зеб	1
зев	15
зее	1
зей	6
зек	7
зел	44
зёл	1
зем	67
зен	53
зео	2
зеп	2
зер	71
зес	3
зет	11
зёт	2
зеф	6
зец	7
зжа	28
зже	5
зжи	16
зжо	2
зза	13
ззв	4
ззи	2
ззл	1
ззр	4
ззт	1
ззу	1
ззь	1
зи$	19
зиа	12
зив	4
зиг	5
зид	17
зие	8
зиж	1
зиз	1
зий	4
зик	21
зил	14
зим	24
зин	60
зио	18
зип	1
зир	99
зис	24
зит	168
зиу	2
зиф	2
зих	1
зиц	16
зич	7
зищ	1
зия	37
зк$	1
зка	45
зки	15
зко	18
зку	3
зл$	1
зла	15
зле	21
зли	49
зло	72
злу	10
злы	4
злю	10
зля	2
зм$	190
зма	29
зме	82
зми	11
змн	5
змо	28
зму	17
змы	15
змя	9
зн$	2
зна	224
зне	74
знё	1
зни	44
зно	121
знр	2
зну	32
зны	95
знь	9
зня	14
зо$	13
зоб	49
зов	158
зог	16
зод	12
зоз	2
зои	1
зой	12
зок	9
зол	42
зом	7
зон	47
зоо	9
зоп	14
зор	73
зос	15
зот	27
зоф	3
зох	4
зоч	19
зош	4
зощ	5
зоя	1
зпр	4
зпу	1
зр$	1
зра	62
зре	66
зри	23
зро	16
зру	19
зры	21
зря	12
зс$	3
зск	8
зст	1
зт$	2
зте	3
зти	31
зть	14
зу$	7
зуа	6
зуб	25
зув	5
зуд	4
зуе	10
зуз	1
зуи	2
зук	6
зул	8
зум	51
зун	7
зуп	4
зур	17
зус	8
зут	4
зух	4
зуч	14
зую	4
зфа	1
зцо	2
зчи	17
зчу	1
зши	1
зъе	11
зъя	18
зы$	7
зыб	5
зыв	95
зыг	6
зыз	1
зый	15
зык	12
зым	4
зын	1
зыр	13
зыс	19
зыч	15
зь$	28
зьб	1
зье	2
зьи	2
зьк	2
зьм	12
зья	5
зэд	1
зэк	1
зэм	1
зэн	1
зэс	1
зю$	1
зюг	1
зюд	1
зюм	4
зя$	7
зяб	6
зяв	1
зяз	1
зяи	1
зяй	13
зяк	1
зям	1
зян	3
зяс	1
зят	14
зящ	4
зяю	1
иа$	12
иаб	7
иав	2
иаг	9
иад	11
иаж	1
иаз	4
иак	12
иал	113
иам	8
иан	81
иао	1
иап	4
иар	18
иас	13
иат	40
иаф	4
иах	2
иац	13
иач	1
иб$	16
иба	51
ибб	2
ибд	3
ибе	33
иби	38
ибк	8
ибл	24
ибн	6
ибо	29
ибп	1
ибр	20
ибс	4
ибу	16
ибш	1
ибы	9
ибь	2
ибю	1
ив$	58
ива	965
иве	83
ивё	6
ивз	2
иви	105
ивк	24
ивл	29
ивн	179
иво	232
ивр	4
ивс	2
иву	8
ивх	1
ивц	1
ивч	5
ивш	2
ивы	170
ивь	4
ивя	7
иг$	18
ига	103
игв	1
игг	3
игд	1
иге	22
игз	2
иги	29
игл	21
игм	6
игн	41
иго	62
игр	79
игс	1
игу	24
игф	2
ид$	64
ида	102
идв	5
идд	1
иде	157
идё	6
идж	16
идз	4
иди	48
идк	11
идл	2
идм	3
идн	49
идо	51
идп	1
идр	15
идс	5
идт	6
иду	20
идц	5
идч	3
иды	22
идя	6
ие$	1910
иев	33
иег	3
иед	1
иез	6
иел	4
ием	14
иём	5
иен	53
иеп	2
иер	18
иес	1
иет	6
иех	1
иец	14
иеш	1
иж$	6
ижа	26
ижд	4
иже	42
ижи	26
ижк	8
ижн	27
ижо	4
ижс	2
ижу	2
из$	43
иза	165
изб	44
изв	112
изг	28
изд	37
изе	22
изж	5
изз	3
изи	144
изк	16
изл	37
изм	242
изн	97
изо	134
изр	25
изс	1
изт	2
изу	32
изф	1
изш	1
изъ	10
изы	25
изь	2
изю	2
изя	5
ии$	8
иий	1
иил	3
иим	9
иин	2
иир	6
иис	2
иит	2
ий$	2755
ийк	1
ийн	32
ийо	1
ийс	82
ийт	4
ийц	3
ийщ	1
ик$	1024
ика	350
икб	1
икв	12
ике	27
ики	54
икк	6
икл	35
икм	3
икн	30
ико	227
икр	49
икс	41
икт	42
ику	32
икц	4
икч	2
икш	2
икэ	1
икю	2
ил$	29
ила	67
илб	2
илд	3
иле	103
илё	1
или	194
илк	27
илл	98
илн	1
ило	123
илп	1
илс	3
илт	4
илу	6
илф	2
илч	1
илы	7
иль	228
илю	9
иля	19
им$	56
има	139
имб	8
имв	10
име	120
имё	1
ими	103
имк	13
имл	1
имм	26
имн	27
имо	183
имп	56
имр	1
имс	12
иму	32
имф	10
имх	1
имч	8
имы	137
имэ	1
имя	2
ин$	670
ина	494
инб	8
инв	17
инг	151
инд	83
ине	123
инё	2
инж	9
инз	6
ини	209
инк	101
инл	3
инм	1
инн	102
ино	241
инп	4
инс	193
инт	156
ину	92
инф	50
инх	8
инц	23
инч	13
инш	3
инщ	1
инъ	2
ины	36
инь	21
инэ	2
иню	5
иня	54
ио$	40
иоа	9
иоб	16
иов	6
иог	14
иод	11
иоз	27
иок	7
иол	35
иом	9
ион	340
иоп	10
иор	16
иос	22
иот	38
иоф	4
иох	5
иоч	2
иоэ	3
ип$	34
ипа	40
ипе	66
ипи	26
ипк	7
ипл	32
ипн	20
ипо	46
ипп	18
ипр	9
ипс	13
ипт	16
ипу	14
ипц	2
ипы	4
ипь	2
ипя	9
ир$	88
ира	186
ирв	3
ирг	4
ирд	1
ире	40
ирж	4
ирз	2
ири	95
ирк	28
ирл	7
ирм	11
ирн	26
иро	876
ирп	4
ирр	6
ирс	24
ирт	18
иру	40
ирц	1
ирч	3
ирш	3
ирщ	1
иры	1
ирь	13
ирэ	2
ирю	8
иря	13
ис$	114
иса	88
исб	3
исв	7
исг	1
исд	1
исе	40
иси	30
исй	1
иск	183
исл	93
исм	12
исн	41
исо	57
исп	130
иср	1
исс	80
ист	757
ису	16
исф	1
исх	24
исц	14
исч	23
исш	2
исы	34
ись	75
исю	1
ися	5
ит$	134
ита	235
итб	1
итв	22
итг	1
итд	1
ите	603
итё	1
итз	2
ити	132
итк	24
итл	5
итм	10
итн	47
ито	109
итр	67
итс	12
итт	12
иту	48
итф	1
итц	1
итч	6
иты	67
ить	3054
итэ	1
итю	1
итя	20
иуд	5
иук	2
иум	24
иун	1
иуп	1
иур	3
иус	15
иут	2
иуч	5
иф$	23
ифа	10
ифе	13
ифи	79
ифл	4
ифм	6
ифн	1
ифо	27
ифр	22
ифс	2
ифт	6
ифу	1
ифф	17
ифч	1
ифш	2
их$	23
иха	44
ихб	1
ихв	7
ихе	4
ихи	23
ихл	3
ихн	17
ихо	88
ихр	8
ихт	6
иху	4
иц$	9
ица	278
ицб	1
ицд	1
ице	46
ици	130
ицк	28
ицм	1
ицо	5
ицу	2
ицх	1
ицц	3
ицш	3
ицы	13
ич$	202
ича	68
иче	595
ичё	2
ичи	82
ичк	36
ичм	4
ичн	245
ичо	8
ичт	14
ичу	7
ичь	14
иш$	13
иша	17
ишв	2
ише	26
ишё	1
иши	19
ишк	35
ишл	2
ишм	3
ишн	21
ишо	2
ишп	2
ишт	1
ишу	3
ишь	6
ишя	1
ищ$	3
ища	23
ище	86
ищи	1
ищн	12
ищр	1
ищу	5
иэл	8
иэт	10
ию$	1
июл	3
июм	1
июн	4
иют	4
иющ	1
ия$	1139
ияв	1
ияг	1
ияж	1
ияз	6
ияк	1
иян	15
ият	40
йа$	1
йам	1
йан	2
йау	2
йба	3
йби	1
йбл	4
йбн	1
йбо	5
йбу	2
йбы	2
йв$	4
йва	5
йве	3
йви	2
йво	1
йг$	2
йга	5
йге	2
йго	1
йгр	1
йгу	3
йд$	15
йда	10
йдв	1
йде	16
йдё	16
йдж	9
йдз	1
йди	2
йдн	1
йдо	7
йдр	1
йду	1
йе$	1
йек	1
йел	1
йем	1
йен	5
йео	1
йер	14
йес	2
йет	1
йз$	4
йза	3
йзе	15
йзи	6
йи$	1
йис	1
йк$	10
йка	90
йке	5
йки	9
йкл	1
йкн	1
йко	22
йкр	1
йку	2
йл$	11
йла	7
йле	8
йлз	3
йли	15
йло	27
йлс	1
йлу	1
йль	3
йм$	13
йма	14
йме	6
ймё	4
йми	5
ймл	2
ймо	9
ймп	1
ймс	3
йму	1
ймы	3
йн$	49
йна	8
йнб	1
йнд	2
йне	18
йни	28
йнк	1
йнм	1
йно	47
йнс	4
йнт	1
йну	1
йнц	1
йнш	1
йны	92
йня	5
йо$	3
йог	4
йод	2
йоз	1
йок	1
йол	1
йон	7
йор	5
йос	1
йот	6
йох	2
йош	1
йп$	2
йпе	4
йпи	1
йпл	1
йпт	1
йпф	1
йпц	1
йр$	3
йра	3
йрд	1
йри	1
йро	6
йру	1
йс$	18
йса	1
йсб	5
йсе	2
йси	3
йск	134
йсл	1
йсм	2
йсн	1
йсо	5
йст	89
йся	15
йт$	28
йта	3
йтб	1
йте	11
йти	37
йтм	2
йтн	1
йто	6
йтр	11
йтс	2
йту	1
йуа	1
йф$	9
йфе	3
йфо	3
йфр	2
йфу	2
йх$	3
йха	1
йхе	1
йхс	1
йхт	1
йца	7
йце	6
йцз	1
йцо	3
йч$	1
йча	3
йче	2
йчи	13
йчо	1
йша	3
йше	5
йши	92
йшн	2
йщи	8
йый	1
йя$	10
йям	1
ка$	2305
каб	37
кав	29
каг	8
кад	55
кае	9
каж	12
каз	183
каи	7
кай	18
как	41
кал	189
кам	81
кан	202
као	2
кап	71
кар	245
кас	67
кат	453
кау	11
каф	17
ках	1
кац	52
кач	67
каш	34
кащ	1
каю	5
кая	40
кб$	6
кба	3
кбг	1
кбе	2
кби	1
кбр	1
кв$	2
ква	88
квд	1
кве	19
кви	29
квн	2
кво	16
кву	1
квь	1
кг$	2
кга	3
кгб	1
кго	4
кгр	1
кд$	2
кда	1
кдо	5
ке$	17
кеа	7
кев	8
кег	2
кед	7
кее	1
кез	1
кеи	1
кей	17
кек	2
кел	26
кем	11
кен	32
кеп	9
кер	61
кес	14
кет	64
кеф	2
кец	1
кеш	3
кже	1
кз$	1
кза	13
кзе	4
кзи	3
кзо	4
ки$	221
киа	2
киб	9
кив	88
кид	41
кие	14
киз	11
кии	1
кий	1977
кик	3
кил	18
ким	16
кин	213
кио	5
кип	37
кир	70
кис	44
кит	31
киф	5
ких	3
кич	4
киш	9
кия	10
кй$	1
кк$	2
кка	18
кке	10
кки	8
ккл	1
кко	8
ккр	4
кку	18
кл$	9
кла	181
кле	84
кли	96
кло	88
клу	13
клы	6
кль	3
клэ	3
клю	72
кля	30
км$	2
кма	4
кме	8
кмн	1
кмо	4
кмс	1
кму	1
кн$	1
кнд	1
кне	11
кни	20
кно	29
кнр	1
кну	128
кны	1
кня	13
ко$	333
коа	5
коб	28
ков	573
ког	32
код	31
кое	19
кож	18
коз	41
кои	16
кой	59
кок	32
кол	334
ком	339
кон	491
коо	21
коп	124
кор	326
кос	169
кот	92
коу	8
коф	19
кох	4
коц	1
коч	29
кош	21
кощ	4
коэ	4
кою	1
коя	4
кп$	3
кпд	1
кпе	1
кпз	1
кпк	2
кпо	1
кпп	2
кпр	1
кпс	1
кпу	1
кпэ	1
кр$	5
кра	262
кре	182
крж	1
кри	131
кро	177
кру	147
кры	110
крю	10
кря	10
кс$	75
кса	35
ксб	1
ксв	3
ксд	1
ксе	33
кси	71
кск	18
ксл	2
ксм	2
ксн	5
ксо	20
ксп	48
кст	47
ксу	12
ксф	2
ксц	3
ксю	2
кт$	64
кта	26
кте	22
ктё	3
кти	154
ктн	35
кто	102
ктр	52
кту	45
кты	3
кть	2
ктю	2
ктя	3
ку$	31
куа	2
куб	18
кув	8
куд	27
куз	27
куи	3
куй	2
кук	15
кул	125
кум	24
кун	31
куп	100
кур	150
кус	79
кут	36
куу	2
кух	6
куц	3
куч	30
куш	34
кущ	3
куэ	1
кую	3
кф$	1
кфе	1
кфи	1
кфу	2
кх$	1
кха	3
кхе	2
кхи	1
кхм	1
кцб	1
кце	6
кци	85
кч$	1
кча	1
кче	2
кчп	1
кша	2
кше	1
кши	2
кшн	2
кый	1
кыр	2
кье	2
кью	2
кья	4
кэ$	2
кэд	1
кэл	2
кэм	1
кэн	2
кэп	1
кэр	6
кэт	5
кэш	3
кю$	1
кюв	1
кюр	3
кюс	1
кюх	1
кя$	1
кям	1
кян	1
ла$	147
лаа	2
лаб	52
лав	183
лаг	173
лад	245
лае	11
лаж	51
лаз	67
лаи	2
лай	32
лак	67
лал	3
лам	80
лан	205
лао	2
лап	20
лар	44
лас	154
лат	214
лау	7
лаф	3
лах	11
лац	12
лач	49
лаш	33
лащ	3
лаю	1
лая	6
лб$	1
лба	15
лбе	6
лби	4
лбл	1
лбн	1
лбр	1
лбу	1
лбц	1
лва	7
лве	1
лви	8
лвк	3
лвн	2
лвс	2
лг$	2
лга	13
лге	2
лги	4
лго	36
лгр	2
лгу	3
лд$	6
лда	14
лде	15
лди	5
лдн	1
лдо	15
лдп	1
лдс	2
лду	4
лды	5
лдь	1
ле$	26
леа	6
леб	51
лев	173
лёв	1
лег	87
лёг	11
лед	114
лёд	1
лее	15
леж	46
лёж	1
лез	66
лёз	2
леи	19
лей	75
лёй	1
лек	205
лёк	7
лел	18
лем	56
лём	1
лен	597
лён	29
лео	32
леп	76
лер	115
лес	152
лёс	2
лет	304
лёт	11
леу	6
леф	14
лех	6
лёх	1
лец	43
леч	83
леш	16
лёш	3
лещ	6
леэ	2
лея	10
лжа	6
лже	11
лжи	14
лжн	6
лжо	1
лжс	3
лжь	1
лз$	5
лза	15
лзе	1
лзи	1
лзк	1
лзн	1
лзт	15
лзу	2
ли$	97
лиа	24
либ	32
лив	348
лиг	40
лид	32
лие	34
лиж	11
лиз	228
лии	1
лий	17
лик	161
лил	18
лим	64
лин	284
лио	33
лип	51
лир	96
лис	165
лит	487
лиу	3
лиф	40
лих	17
лиц	75
лич	139
лиш	26
лищ	22
лиэ	2
лия	68
лк$	11
лка	141
лке	4
лки	41
лкм	2
лкн	20
лко	77
лкс	2
лку	4
лл$	41
лла	62
лле	80
ллз	1
лли	113
ллм	2
лло	36
ллс	2
ллу	3
лль	12
ллэ	1
ллю	22
лля	9
лм$	7
лма	12
лме	8
лми	7
лмо	2
лмс	2
лму	1
лмы	4
лмэ	1
лн$	3
лна	4
лне	28
лни	32
лно	46
лну	2
лнц	6
лны	5
лня	16
ло$	132
лоб	64
лов	417
лог	253
лод	126
лое	9
лож	119
лоз	18
лои	8
лой	18
лок	95
лол	15
лом	127
лон	164
лоо	2
лоп	72
лор	60
лос	140
лот	149
лоу	19
лоф	3
лох	34
лоц	8
лоч	78
лош	15
лощ	18
лоэ	3
лоя	6
лп$	5
лпа	5
лпи	2
лпк	1
лпл	1
лпо	2
лпр	2
лпу	1
лрд	1
лро	1
лс$	8
лсв	1
лсд	1
лсе	1
лси	3
лсо	6
лст	21
лсу	2
лся	1
лт$	12
лта	25
лтд	1
лте	14
лти	14
лтл	2
лтн	1
лто	13
лтр	1
лту	6
лтх	1
лты	7
лть	1
лтя	2
лу$	7
луа	13
луб	57
лув	2
луг	21
луд	22
луе	1
луж	64
луз	10
луи	7
луй	8
лук	27
лул	2
лум	13
лун	25
луо	4
луп	28
лур	7
лус	19
лут	13
луу	1
луф	2
лух	18
луц	2
луч	71
луш	69
луэ	2
лую	1
лф$	2
лфа	4
лфг	1
лфе	3
лфи	1
лфо	2
лхв	1
лхи	4
лхо	6
лце	1
лч$	1
лча	20
лче	6
лчи	9
лчн	3
лчо	5
лчу	1
лчь	1
лша	1
лше	5
лща	1
лще	1
лщи	1
лщо	1
лы$	6
лыб	12
лыв	38
лые	4
лыж	9
лый	119
лык	7
лым	5
лын	11
лып	2
лыс	10
лыт	18
лых	15
лыч	6
лыш	31
ль$	629
льб	36
льв	35
льг	26
льд	60
лье	53
льё	2
льж	2
льз	50
льи	7
льй	1
льк	80
льм	49
льн	1343
льо	10
льп	15
льр	2
льс	245
льт	129
льф	35
льх	12
льц	25
льч	35
льш	31
льщ	26
лью	3
лья	35
лэй	4
лэк	1
лэн	1
лэп	2
лэр	4
лэт	1
лэш	2
лю$	3
люб	101
люв	1
люг	2
люд	49
люе	1
люж	4
люз	13
люи	1
люк	14
люл	8
люм	9
люн	12
люп	4
люр	6
люс	23
лют	25
люф	2
люх	7
люц	22
люч	64
люш	8
лющ	7
ля$	67
ляб	4
ляв	11
ляг	9
ляд	50
ляе	13
ляж	9
ляз	4
ляй	1
ляк	17
лял	3
лям	2
лян	52
ляп	12
ляр	52
ляс	17
лят	322
ляу	1
лях	5
ляц	47
ляч	7
ляш	3
лящ	7
ляю	8
ма$	192
маа	2
мав	6
маг	60
мад	24
мае	6
маж	10
маз	52
маи	5
май	29
мак	98
мал	165
мам	19
ман	329
мао	3
мап	2
мар	209
мас	99
мат	377
мау	5
маф	5
мах	50
мац	26
мач	11
маш	41
маэ	1
маю	3
мая	10
мб$	8
мба	32
мбе	10
мби	31
мбл	8
мбн	1
мбо	18
мбр	13
мбс	1
мбу	21
мбю	1
мв$	2
мва	4
мвб	1
мвд	1
мве	3
мви	1
мво	12
мвр	1
мвт	2
мвф	1
мга	2
мгб	1
мге	1
мги	1
мгл	4
мгн	4
мго	1
мгт	2
мгу	1
мгц	1
мда	1
мде	1
мди	3
мдм	1
ме$	8
меа	1
меб	5
мев	4
мег	8
мед	91
мёд	3
мее	7
меё	1
меж	48
мез	6
меи	6
мей	32
мек	13
мёк	1
мел	105
мем	12
мём	1
мен	498
мён	4
мео	7
мер	313
мёр	5
мес	108
мет	244
мёт	4
меф	2
мех	32
мец	25
меч	38
меш	58
мёш	1
мещ	34
мея	12
мж$	2
мз$	1
мза	4
мзд	1
мзе	2
мзи	2
мзо	1
ми$	31
миа	8
миб	1
мив	1
миг	30
мид	27
мие	9
миз	24
мий	3
мик	76
мил	108
мим	15
мин	244
мио	10
мип	2
мир	173
мис	59
мит	171
миу	3
миф	7
мих	22
миц	5
мич	53
миш	17
миэ	1
мия	28
мк$	3
мка	54
мке	2
мки	16
мкн	9
мко	9
мкр	1
мкс	1
мла	9
мле	54
млё	1
мли	14
млн	1
млр	1
млы	1
мль	2
млю	2
мля	32
мм$	18
мма	40
ммв	1
мме	34
мми	23
ммк	2
ммл	1
ммм	4
ммн	2
ммо	4
мму	31
ммю	1
мн$	3
мна	30
мне	21
мни	48
мно	161
мнс	2
мну	3
мны	87
мня	3
мо$	74
моа	2
моб	23
мов	112
мог	44
мод	76
мое	10
моё	2
мож	29
моз	39
мои	8
мой	19
мок	49
мол	178
мом	8
мон	200
моо	24
моп	18
мор	172
мос	145
мот	139
моу	24
моф	9
мох	14
моц	10
моч	45
мош	15
мощ	19
мою	1
моя	1
мп$	8
мпа	38
мпб	1
мпе	40
мпи	27
мпл	30
мпо	32
мпр	19
мпс	3
мпт	7
мпу	12
мпф	2
мпц	1
мпь	7
мпэ	1
мр$	1
мра	31
мре	1
мрё	1
мри	1
мро	1
мру	3
мрю	1
мс$	15
мса	1
мсб	1
мсе	1
мск	43
мсо	12
мст	37
мсу	1
мсф	2
мсы	1
мсь	1
мся	2
мт$	3
мти	1
мтс	1
мть	2
му$	10
муа	5
мув	1
муг	1
муд	24
муж	24
муз	13
муи	1
мук	1
мул	50
мум	8
мун	41
муп	1
мур	56
мус	43
мут	42
муф	5
мух	8
муч	29
муш	6
мущ	21
муэ	2
мую	2
мф$	2
мфа	5
мфв	1
мфе	3
мфи	5
мфл	1
мфо	12
мфр	1
мфт	1
мха	1
мхо	2
мцо	1
мча	10
мчи	15
мчс	1
мчу	3
мша	1
мше	2
мши	1
мшэ	1
мще	2
мщи	8
мы$	7
мыв	44
мыг	3
мыж	1
мыз	2
мый	250
мык	17
мыл	9
мым	2
мын	3
мыр	4
мыс	68
мыт	26
мых	2
мыц	2
мыч	9
мыш	40
мь$	6
мьд	2
мье	8
мьё	1
мьс	2
мья	5
мэ$	1
мэг	3
мэд	3
мэи	1
мэй	5
мэл	2
мэм	1
мэн	8
мэр	9
мэс	2
мэт	7
мю$	2
мюз	1
мюл	1
мюм	1
мюн	4
мюр	2
мя$	17
мяг	9
мяи	1
мяк	10
мям	2
мян	17
мяп	2
мяр	1
мяс	8
мят	39
мяу	3
мяч	3
на$	569
наа	1
наб	70
нав	144
наг	72
над	169
нае	15
наё	3
наж	30
наз	51
наи	25
най	23
нак	121
нал	240
нам	89
нан	104
нао	10
нап	130
нар	210
нас	202
нат	260
нау	32
наф	5
нах	37
нац	64
нач	110
наш	24
нащ	7
наю	3
ная	46
нб$	1
нба	12
нбе	11
нби	1
нбл	3
нбп	1
нбр	1
нбу	11
нв$	3
нва	9
нвд	1
нве	31
нви	2
нво	4
нву	3
нг$	121
нга	28
нгв	5
нгд	1
нге	31
нги	10
нгк	1
нгл	21
нгн	1
нго	31
нгр	17
нгс	5
нгт	5
нгу	10
нгх	1
нд$	57
нда	110
ндб	1
ндв	2
нде	81
ндж	13
ндз	1
нди	102
ндл	2
ндм	1
ндн	6
ндо	64
ндп	1
ндр	68
ндс	15
ндт	2
нду	30
ндф	1
ндш	3
нды	3
ндю	2
не$	41
неа	15
неб	48
нев	233
нег	54
нед	149
нее	25
неё	1
неж	40
нез	83
неи	46
ней	88
нек	67
нёк	1
нел	64
нем	75
нём	5
нен	247
нён	2
нео	134
неп	233
нер	235
нёр	4
нес	227
нёс	3
нет	150
нёт	3
неу	98
неф	31
нех	10
нец	132
неч	58
неш	17
нещ	1
неэ	5
нея	10
нж$	2
нжа	2
нжг	1
нже	17
нжи	8
нз$	2
нза	17
нзб	1
нзд	1
нзе	8
нзи	24
нзо	9
нзу	4
ни$	70
ниа	15
ниб	4
нив	63
ниг	18
нид	11
ние	1625
ниж	35
низ	125
нии	2
ний	140
ник	627
нил	27
ним	114
нин	169
нио	9
нип	7
нир	86
нис	131
нит	395
ниу	1
ниф	13
них	3
ниц	195
нич	218
ниш	11
нищ	15
ниэ	1
ния	84
нк$	27
нка	266
нкв	4
нке	18
нки	30
нкл	6
нкн	2
нко	132
нкр	15
нкс	5
нкт	24
нку	18
нкф	2
нкц	15
нла	3
нли	5
нло	1
нлп	1
нля	2
нм$	1
нма	3
нме	1
нму	1
нн$	24
нна	52
ннг	1
нне	45
нни	148
нно	543
ннс	3
ннт	1
нну	5
нны	1130
ннь	1
нню	1
но$	1317
ноа	9
ноб	22
нов	601
ног	150
нод	30
ное	39
нож	42
ноз	33
нои	8
ной	237
нок	120
нол	48
ном	112
нон	42
ноо	15
ноп	42
нор	93
нос	949
нот	56
ноу	8
ноф	12
нох	6
ноц	11
ноч	51
нош	22
нощ	3
ноэ	4
ною	1
ноя	7
нп$	2
нпа	1
нпб	1
нпе	1
нпз	1
нпи	2
нпл	1
нпо	1
нпп	1
нпр	4
нпф	1
нпх	1
нр$	3
нра	14
нре	1
нри	7
нро	6
нру	1
нс$	72
нса	20
нсб	1
нсв	4
нсг	2
нсе	27
нси	51
нск	327
нсл	7
нсм	2
нсн	5
нсо	36
нсп	23
нсс	2
нст	178
нсу	23
нсф	9
нсц	7
нсы	3
нсь	2
нсэ	1
нт$	234
нта	145
нтв	3
нтг	3
нте	141
нти	216
нтк	12
нтл	6
нтм	2
нтн	65
нто	91
нтр	119
нтс	26
нту	25
нтъ	1
нты	5
нть	17
нтэ	1
нтю	4
нтя	3
ну$	8
нуа	4
нув	2
нуд	10
нуе	2
нуж	19
нуз	3
нуи	2
нук	9
нул	6
нум	8
нун	4
нуо	1
нур	15
нус	21
нут	735
нуу	1
нуф	2
нух	6
нуч	4
нуш	18
нуэ	5
ную	6
нуя	1
нф$	2
нфа	8
нфе	20
нфи	21
нфл	9
нфо	27
нфр	5
нфс	1
нфу	9
нфя	1
нх$	2
нха	5
нхг	1
нхе	5
нхи	2
нхл	1
нхо	7
нхр	7
нхэ	2
нц$	12
нце	55
нци	89
нцл	2
нцо	17
нцп	2
нцу	5
нцы	1
нч$	4
нча	41
нче	30
нчи	65
нчо	2
нчу	2
нш$	4
нша	1
нше	2
нши	2
ншл	1
ншо	2
ншт	16
нщи	21
нъе	2
нъю	2
ны$	23
ныв	6
ные	17
ный	4394
нык	2
ныл	2
ным	9
нын	7
ныр	9
ныт	5
ных	11
ныч	7
ныш	10
нь$	150
ньг	3
ньд	1
нье	88
ньж	1
ньк	134
ньо	10
ньс	5
ньц	1
ньч	2
ньш	17
нью	7
нья	18
нэ$	1
нэй	1
нэк	2
нэн	2
нэп	2
нэр	1
нэт	1
нэш	1
ню$	3
нюа	2
нюд	1
нюж	1
нюк	2
нюн	1
нюр	5
нюс	5
нют	2
нюх	13
нюч	3
нюш	8
нющ	1
нюэ	1
ня$	139
няв	3
няг	4
няе	7
няж	10
няз	4
няй	1
няк	29
нял	1
нян	15
нят	245
няч	5
няш	6
нящ	4
няя	2
оа$	2
оав	4
оае	1
оаз	2
оак	9
оал	3
оам	6
оан	14
оао	1
оап	4
оар	2
оас	1
оат	1
оаф	1
оаэ	1
об$	27
оба	72
обб	13
обв	29
обг	7
обд	13
обе	157
обж	14
обз	9
оби	150
обк	16
обл	163
обм	37
обн	126
обо	238
обр	305
обс	58
обт	8
обу	65
обх	16
обч	5
обш	10
общ	73
объ	55
обы	56
обь	13
обю	1
обя	15
ов$	742
ова	1730
овб	3
овв	1
овг	4
овд	4
ове	403
овё	5
овз	2
ови	310
овк	150
овл	95
овм	13
овн	141
ово	573
овп	4
овр	36
овс	232
овт	14
ову	9
овх	2
овц	4
овч	10
овш	3
овщ	24
овы	399
овь	25
овя	10
ог$	94
ога	98
огб	1
огв	6
огг	2
огд	12
оге	31
огж	1
оги	191
огл	81
огм	6
огн	52
ого	279
огп	1
огр	196
огс	3
огт	1
огу	27
огф	1
огю	1
од$	130
ода	156
одб	15
одв	85
одг	24
одд	29
оде	191
одё	3
одж	20
одз	14
оди	302
одк	75
одл	42
одм	24
одн	292
одо	260
одп	40
одр	89
одс	139
одт	28
оду	89
одх	8
одц	2
одч	36
одш	8
одъ	12
оды	27
одь	14
одю	3
одя	32
ое$	80
оё$	3
оев	33
оег	3
оед	33
оеж	4
оез	14
оек	19
оем	9
оём	5
оен	53
оео	3
оеп	2
оер	1
оес	10
оет	2
оёт	1
оех	4
оец	4
оеч	6
оею	1
ож$	5
ожа	76
ожб	3
ожд	89
оже	140
ожж	6
ожи	144
ожк	18
ожн	95
ожо	11
ожр	3
ожс	4
ожу	4
ожь	6
оз$	55
оза	102
озб	11
озв	76
озг	20
озд	75
озе	47
озё	1
озж	4
озз	7
ози	99
озк	6
озл	26
озм	35
озн	164
озо	54
озп	3
озр	49
озт	2
озу	5
озч	3
озы	20
озь	8
озя	19
ои$	6
оиг	16
оид	10
оие	1
оиз	75
оий	1
оик	2
оил	1
оим	12
оин	22
оио	1
оир	3
оис	38
оит	87
оиц	4
оич	6
оиш	1
оищ	1
ой$	619
ойб	2
ойг	1
ойд	16
ойе	1
ойк	35
ойл	16
ойм	7
ойн	69
ойо	3
ойп	1
ойс	29
ойт	21
ойф	2
ойц	3
ойч	8
ойш	2
ойщ	3
ойя	2
ок$	459
ока	174
окб	2
окв	4
окг	3
окд	1
оке	23
окз	5
оки	53
окк	22
окл	57
окм	1
окн	16
око	270
окп	1
окр	158
окс	40
окт	19
оку	89
окф	1
ол$	74
ола	82
олб	24
олв	17
олг	44
олд	39
оле	238
олё	13
олж	31
олз	33
оли	299
олк	104
олл	76
олм	18
олн	136
оло	643
олп	11
олс	22
олт	30
олу	119
олх	7
олц	1
олч	35
олш	6
олщ	4
олы	30
оль	376
олю	58
оля	61
ом$	153
ома	199
омб	45
омв	1
омд	2
оме	192
омж	1
оми	177
омк	28
омл	22
омм	49
омн	75
омо	172
омп	91
омр	9
омс	31
омт	2
ому	16
омф	7
омх	1
омч	2
омщ	2
омы	58
омэ	3
омя	15
он$	463
она	228
онб	2
онв	25
онг	24
онд	66
оне	155
онё	1
онз	12
они	277
онк	79
онл	3
онм	2
онн	294
оно	247
онр	6
онс	147
онт	163
ону	31
онф	40
онх	3
онц	28
онч	51
онш	4
онщ	6
онъ	2
оны	12
онь	31
оню	8
оня	65
оо$	5
ооб	87
оог	1
оод	6
оок	2
оол	3
оом	1
оон	3
ооо	1
ооп	16
оор	28
оос	5
оот	32
оох	7
ооц	5
ооч	5
оощ	7
оп$	59
опа	144
опг	1
опе	116
опи	143
опк	16
опл	95
опн	16
опо	247
опп	15
опр	201
опс	6
опт	40
опу	72
опц	4
опч	8
опш	1
опщ	1
опы	33
опь	10
опя	4
ор$	380
ора	246
орб	35
орв	40
орг	95
орд	101
оре	205
орё	2
орж	26
орз	11
ори	344
орк	64
орл	25
орм	163
орн	186
оро	601
орп	18
орр	44
орс	98
орт	173
ору	86
орф	26
орх	9
орц	11
орч	59
орш	17
орщ	25
оры	33
орь	32
орю	6
оря	79
ос$	101
оса	76
осб	7
осв	78
осг	3
осд	3
осе	115
осё	3
осз	1
оси	175
оск	132
осл	180
осм	71
осн	103
осо	184
осп	131
оср	37
осс	79
ост	1708
осу	65
осф	12
осх	30
осц	5
осч	19
осш	1
осъ	4
осы	32
ось	21
осэ	2
осю	1
ося	22
от$	110
ота	213
отб	29
отв	151
отг	19
отд	47
оте	158
отё	1
отж	6
отз	8
оти	199
отк	140
отл	79
отм	44
отн	129
ото	277
отп	60
отр	222
отс	109
отт	53
оту	25
отф	3
отх	10
отц	9
отч	50
отш	13
отщ	1
отъ	6
оты	27
оть	57
отэ	1
отя	32
оу$	17
оуб	10
оув	6
оуг	5
оуд	1
оуж	1
оуз	5
оул	8
оум	16
оун	10
оуп	10
оур	3
оус	16
оут	13
оуф	1
оух	4
оуч	20
оуэ	3
оф$	7
офа	21
офе	41
офё	1
офи	74
офк	1
офл	3
офм	1
офо	38
офр	4
офс	8
офт	6
офу	2
офф	12
офш	2
офь	3
ох$	22
оха	26
охв	13
охе	1
охи	22
охл	18
охм	9
охн	42
охо	120
охр	40
охт	1
оху	9
охш	2
оца	6
оцв	9
оце	64
оцз	1
оци	45
оцк	9
оцл	1
оцм	2
оцр	1
оч$	3
оча	43
очв	3
оче	152
очё	2
очи	132
очк	161
очл	3
очн	253
очо	3
очс	1
очт	22
очу	17
очч	1
очь	27
ош$	9
оша	35
ошв	2
оше	74
ошё	8
оши	42
ошк	24
ошл	11
ошм	4
ошн	23
ошо	10
ошп	1
ошт	5
ошу	4
ошь	6
ошю	2
ощ$	2
оща	41
още	27
ощи	10
ощн	16
ощр	9
ощу	21
ощь	4
оэ$	2
оэз	2
оэк	4
оэл	10
оэм	2
оэн	4
оэс	1
оэт	14
оэф	4
ою$	2
оюд	2
оюз	11
оюл	1
оюр	2
оют	1
оющ	2
оя$	7
ояб	2
ояв	12
ояд	5
ояж	3
ояз	11
ояк	6
оял	8
оян	21
ояр	13
ояс	18
оят	44
ояч	1
оящ	9
па$	54
паб	4
пав	28
паг	13
пад	73
пае	8
паж	4
паз	9
паи	5
пай	7
пак	31
пал	93
пам	23
пан	110
пао	1
пап	26
пар	242
пас	133
пат	245
пау	15
паф	3
пах	26
пац	10
пач	12
паш	18
пащ	1
паю	3
пая	8
пб$	1
пбг	1
пбе	1
пбо	1
пбъ	1
пв$	1
пва	1
пво	1
пвх	1
пг$	3
пга	2
пги	1
пго	1
пгр	1
пд$	2
пдд	1
пдк	1
пе$	6
пев	31
пег	4
пед	37
пее	4
пеж	3
пез	3
пеи	1
пей	21
пек	43
пел	59
пем	1
пен	106
пеп	9
пер	879
пес	36
пёс	1
пет	146
пёт	1
пех	10
пец	44
печ	91
пеш	33
пещ	7
пея	4
пж$	1
пз$	2
пзс	1
пи$	12
пиа	17
пив	25
пиг	10
пид	20
пие	7
пиж	2
пиз	11
пии	1
пий	8
пик	40
пил	53
пим	8
пин	59
пио	18
пип	6
пир	104
пис	159
пит	220
пиу	3
пиф	5
пих	18
пиц	13
пич	33
пиш	2
пищ	11
пию	1
пия	18
пк$	10
пка	45
пки	16
пко	10
пл$	4
пла	219
пле	174
плё	3
плз	1
пли	55
пло	121
плу	16
плы	40
пль	1
плю	20
пля	41
пм$	1
пмж	1
пмр	1
пн$	2
пна	1
пне	5
пни	14
пно	30
пну	36
пны	26
пня	3
по$	17
поб	68
пов	212
пог	93
под	706
пое	14
поё	1
пож	47
поз	130
пои	19
пой	20
пок	188
пол	625
пом	150
пон	123
поо	13
поп	137
пор	315
пос	362
пот	202
поу	14
поф	5
пох	54
поц	4
поч	79
пош	24
пощ	11
поэ	14
поя	15
пп$	13
ппа	16
ппе	14
ппи	18
ппк	1
ппл	1
ппн	1
ппо	21
ппп	1
ппр	1
ппс	1
ппу	1
пр$	7
пра	303
пре	614
прё	1
при	998
про	1270
прс	1
пру	26
прф	1
прц	1
пры	30
прь	1
пря	75
пс$	20
пса	7
псе	6
пси	54
пск	8
псо	6
псс	3
пст	3
псу	2
псы	1
пт$	8
пта	28
птв	1
пте	11
пти	50
птм	1
птн	1
пто	18
птр	1
пту	10
пты	2
пть	2
птя	1
пу$	4
пуа	4
пуб	17
пуг	35
пуд	11
пуз	9
пук	6
пул	48
пум	1
пун	24
пуп	6
пур	11
пус	119
пут	76
пух	20
пуч	9
пуш	15
пущ	12
пуэ	1
пую	1
пф$	4
пфи	1
пфо	1
пфр	2
пх$	2
пха	1
пхе	1
пц$	1
пце	1
пци	13
пцо	1
пцы	2
пч$	1
пча	8
пче	6
пчи	11
пчу	1
пша	1
пше	5
пши	3
пшт	1
пщи	4
пы$	1
пыв	23
пыж	1
пый	8
пыл	29
пыр	5
пыс	1
пыт	39
пых	10
пыш	7
пыщ	1
пь$	14
пье	10
пьё	2
пью	10
пья	21
пэ$	1
пэй	1
пэк	1
пэн	1
пэр	1
пэт	2
пюп	1
пюр	2
пюш	1
пяд	1
пял	4
пяс	1
пят	71
пях	1
пяч	4
пящ	2
ра$	302
раа	2
раб	155
рав	391
раг	59
рад	225
рае	15
раж	136
раз	813
раи	41
рай	54
рак	130
рал	130
рам	135
ран	439
рао	5
рап	62
рар	20
рас	742
рат	537
рау	27
раф	115
рах	54
рац	81
рач	83
раш	69
ращ	54
раэ	1
раю	4
рая	3
рб$	8
рба	38
рбе	10
рби	29
рбк	1
рбл	5
рбн	6
рбо	10
рбр	1
рбс	3
рбу	11
рбц	1
рбь	1
рбю	2
рв$	3
рва	77
рве	18
рвё	1
рви	33
рвл	1
рвн	9
рво	35
рвс	2
рву	2
рвы	4
рвь	5
рвя	3
рг$	51
рга	90
ргб	1
ргв	1
ргг	2
рге	35
рги	43
ргк	1
ргм	1
ргн	15
рго	45
ргс	12
ргт	1
ргу	15
ргы	2
ргю	1
рд$	64
рда	32
рде	44
рдж	8
рди	72
рдк	1
рдл	3
рдм	1
рдн	17
рдо	33
рдс	9
рду	3
рдц	3
рды	12
рдь	3
рдю	3
рдя	2
ре$	17
реа	64
реб	154
рёб	1
рев	267
рёв	3
рег	116
рёг	1
ред	495
рёд	1
рее	19
реж	82
рёж	2
рез	192
реи	21
рей	98
рек	209
рёк	1
рел	160
рёл	2
рем	222
рём	3
рен	394
рео	55
реп	221
рер	47
рес	332
рет	266
рёт	6
реу	21
реф	38
рех	57
рёх	2
рец	54
реч	93
реш	72
рещ	26
рею	1
рея	14
рж$	6
ржа	69
ржд	11
рже	40
ржи	29
ржк	10
ржн	5
ржо	2
ржу	8
рз$	1
рза	23
рзв	1
рзд	1
рзе	3
рзи	9
рзк	4
рзл	3
рзн	8
рзо	6
рзу	2
рзы	1
рзь	1
ри$	78
риа	85
риб	76
рив	200
риг	87
рид	96
рие	69
риё	5
риж	26
риз	115
рии	14
рий	74
рик	230
рил	84
рим	136
рин	231
рио	74
рип	92
рир	84
рис	288
рит	529
риу	28
риф	34
рих	37
риц	48
рич	138
риш	28
рищ	18
риэ	8
рию	4
рия	130
рк$	35
рка	172
ркв	2
рке	27
рки	35
ркк	1
ркл	2
ркм	5
ркн	18
рко	75
ркп	1
ркс	7
ркт	6
рку	22
ркя	1
рл$	4
рла	30
рле	11
рлз	1
рли	36
рло	21
рлс	2
рлу	3
рлы	4
рль	5
рля	6
рм$	17
рма	139
рмб	1
рме	34
рми	68
рмк	1
рмл	9
рмо	63
рмс	4
рму	12
рмч	1
рмы	2
рмь	1
рмя	3
рн$	30
рна	60
рнб	4
рне	37
рнё	2
рни	86
рнк	1
рно	183
рнс	6
рнт	1
рну	57
рнф	1
рнх	1
рнш	1
рны	340
рнь	1
рня	15
ро$	97
роа	6
роб	140
ров	1301
рог	148
род	345
рое	62
роё	1
рож	142
роз	114
рои	139
рой	61
рок	172
рол	133
ром	205
рон	268
роо	13
роп	165
рор	60
рос	426
рот	257
роу	23
роф	62
рох	57
роц	28
роч	116
рош	76
рощ	22
роэ	8
рою	1
роя	28
рп$	10
рпа	15
рпг	2
рпе	37
рпи	16
рпк	1
рпл	1
рпн	2
рпо	12
рпр	7
рпу	11
рпц	1
рпы	4
рр$	11
рра	22
рре	39
рри	34
рро	16
ррр	2
ррс	1
рру	7
рс$	44
рса	23
рсд	1
рсе	19
рси	41
рск	188
рсн	9
рсо	35
рсп	7
рсс	1
рст	84
рсу	6
рсф	1
рсы	3
рт$	89
рта	60
ртб	2
ртв	32
рте	68
ртё	1
ртз	1
рти	125
ртк	13
ртл	2
ртм	3
ртн	54
рто	86
ртп	2
ртр	14
ртс	10
рту	34
ртф	4
ртх	1
рты	27
рть	14
ртю	2
ртя	2
ру$	10
руа	9
руб	94
рув	3
руг	70
руд	94
руе	14
руж	119
руз	58
руи	15
руй	4
рук	88
рул	19
рум	22
рун	30
руп	47
рур	6
рус	107
рут	56
руф	5
рух	12
руц	3
руч	72
руш	55
рущ	5
руэ	2
рую	15
руя	2
рф$	13
рфа	6
рфе	9
рфи	11
рфм	1
рфн	3
рфо	15
рфс	1
рфу	2
рфф	1
рфь	1
рфю	3
рфя	2
рх$	16
рха	20
рхв	1
рхд	1
рхе	7
рхз	2
рхи	39
рхм	1
рхн	10
рхо	14
рхп	1
рхс	2
рхт	1
рху	8
рхч	3
рхъ	1
рц$	6
рца	9
рцг	1
рце	10
рци	19
рцл	1
рцо	9
рцы	1
рч$	2
рча	33
рче	25
рчи	38
рчк	1
рчл	2
рчм	1
рчо	3
рчу	2
рчь	1
рш$	5
рша	36
рше	37
рши	28
ршк	2
ршл	1
ршм	1
ршн	1
ршо	5
ршр	5
ршт	1
ршу	1
рщ$	1
рщв	2
рще	2
рщи	32
ры$	23
рыб	24
рыв	116
рыг	23
рыд	6
рые	1
рыж	13
рыз	21
рый	36
рык	6
рыл	15
рым	6
рын	11
рып	1
рыс	24
рыт	73
рых	2
рыц	3
рыч	12
рыш	19
рыщ	3
рь$	114
рьб	2
рьг	2
рье	65
рьё	10
рьи	5
рьк	9
рьм	4
рьс	4
рья	9
рэ$	3
рэг	1
рэд	3
рэй	5
рэк	3
рэм	4
рэн	10
рэп	2
рэс	2
рэу	1
рэх	1
рэш	1
рю$	3
рюг	4
рюз	4
рюк	13
рюл	6
рюм	7
рюн	5
рюп	1
рюр	2
рюс	5
рюф	1
рюх	2
рюч	10
рюш	10
ря$	18
ряб	12
ряв	9
ряг	10
ряд	91
ряе	2
ряж	27
ряз	18
ряк	13
рял	2
рям	29
рян	32
ряп	9
ряс	28
рят	117
рях	18
ряч	21
ряш	5
рящ	7
ряю	2
са$	67
саа	6
саб	15
сав	24
саг	6
сад	76
сае	7
саж	37
саз	1
саи	4
сай	16
сак	31
сал	68
сам	167
сан	118
сап	14
сар	59
сас	13
сат	137
сау	8
саф	5
сах	9
сац	13
сач	4
саш	7
саю	4
сб$	4
сба	11
сбе	17
сби	9
сбл	5
сбо	17
сбр	10
сбу	5
сбы	8
сбю	1
св$	1
сва	40
све	175
сви	61
свл	1
сво	66
свс	1
свт	1
свч	1
свы	4
свя	69
сга	4
сге	1
сги	6
сгл	7
сгн	2
сго	18
сгр	7
сгу	8
сд$	2
сда	13
сдв	7
сде	18
сди	2
сдо	6
сдр	2
сду	5
се$	11
сё$	4
сеа	1
себ	6
сев	47
сег	13
сед	61
сее	13
сез	7
сеи	5
сей	27
сек	67
сел	147
сёл	7
сем	88
сём	2
сен	127
сео	7
сеп	10
сер	183
сёр	2
сес	33
сёс	1
сет	44
сёт	3
сеу	3
сеф	2
сец	19
сеч	23
сещ	4
сея	16
сж$	1
сжа	6
сже	1
сжи	9
сза	2
си$	35
сиа	6
сиб	17
сив	44
сиг	23
сид	47
сие	9
сиж	5
сиз	11
сии	2
сий	20
сик	36
сил	89
сим	109
син	113
сио	40
сип	15
сир	77
сис	55
сит	195
сиф	21
сих	44
сиц	9
сич	12
сиэ	2
сию	1
сия	73
сй$	1
ск$	118
ска	372
скб	1
скв	34
скд	1
ске	24
ски	1911
скл	75
скн	14
ско	322
скр	138
скс	1
скт	2
ску	99
скь	1
сл$	3
сла	176
сле	187
слё	2
сли	92
сло	174
слу	108
слы	31
сль	5
слю	4
сля	24
см$	3
сма	57
сме	119
сми	28
смо	92
смр	2
смс	1
сму	18
смы	37
смя	9
сн$	2
сна	42
снв	1
снг	1
сне	57
сни	95
снк	1
сно	160
сну	46
сны	118
снь	1
сня	30
со$	20
соа	3
соб	139
сов	284
сог	35
сод	24
сое	20
сож	10
соз	68
сои	9
сой	5
сок	97
сол	94
сом	34
сон	115
соо	43
соп	53
сор	90
сос	101
сот	39
соу	5
соф	26
сох	26
соц	29
соч	47
сош	4
сощ	2
сою	11
соя	1
сп$	6
спа	114
спб	2
спе	173
спи	103
спк	1
спл	72
спо	298
спп	1
спр	173
спс	1
спу	53
спы	22
спь	2
спя	6
ср$	5
сра	38
сре	65
сро	22
сру	2
сры	3
сря	1
сс$	59
сса	73
ссв	9
ссе	59
ссё	2
сси	158
сск	44
ссл	27
ссм	18
ссн	15
ссо	76
ссп	7
сср	9
ссс	2
сст	62
ссу	28
ссч	5
ссы	18
сся	3
ст$	280
ста	658
стб	3
ств	812
стг	2
стд	1
сте	368
стё	4
сти	693
стк	50
стл	24
стм	8
стн	204
сто	567
стп	1
стр	740
стс	48
стт	1
сту	172
стф	2
сты	155
сть	1155
стэ	5
стю	10
стя	44
су$	2
суа	15
суб	29
сув	8
суг	11
суд	88
суе	12
суж	24
суз	5
суи	2
сук	8
сул	40
сум	33
сун	20
суп	23
сур	33
сус	13
сут	21
суф	6
сух	23
суч	7
суш	16
сущ	31
суэ	3
сую	1
сф$	1
сфа	7
сфе	16
сфи	3
сфо	21
сфр	1
сфс	1
сфу	1
сх$	2
сха	8
схв	10
схе	5
схи	18
схл	8
схо	66
схр	1
сху	1
сц$	1
сца	5
сцв	6
сце	48
сци	12
сцу	2
сч$	1
сча	19
сче	44
счё	10
счи	62
счл	3
счо	1
счу	4
сш$	2
сша	4
сше	6
сши	22
сшт	11
сшу	2
сще	5
съе	24
съё	2
съя	2
сы$	19
сыв	67
сыг	3
сыз	2
сый	20
сык	3
сыл	30
сым	1
сын	14
сып	38
сыр	12
сыс	5
сыт	12
сых	4
сыч	3
сыщ	7
сь$	97
сьб	1
сье	16
ськ	12
сьл	1
сьм	16
сьо	1
сьт	1
сью	2
сья	6
сэ$	1
сэв	1
сэй	2
сэк	2
сэл	1
сэм	2
сэн	4
сэр	1
сэс	3
сэт	1
сю$	1
сюд	5
сюж	4
сюз	2
сюи	1
сюк	3
сюр	5
сюс	1
сюф	1
сюх	1
сюш	1
ся$	3066
сяв	1
сяг	8
сяж	1
сяз	5
сяк	12
сям	1
сян	7
сяо	2
сяс	2
сят	33
сяц	3
сяч	25
сящ	1
та$	320
таб	61
тав	169
таг	20
тад	18
тае	15
таё	5
таж	40
таз	15
таи	25
тай	51
так	77
тал	207
там	49
тан	321
тао	1
тап	22
тар	235
тас	48
тат	462
тау	4
таф	15
тах	7
тац	67
тач	11
таш	11
тащ	18
таю	6
тая	17
тб$	2
тба	1
тбе	2
тби	11
тбл	2
тбо	14
тбр	6
тбу	3
тбы	4
тбю	2
тв$	2
тва	36
тве	324
твё	7
тви	78
твл	21
тво	647
твр	13
твс	1
тву	23
твц	1
твы	8
твь	1
твя	4
тга	4
тге	3
тги	1
тгк	1
тго	11
тгр	5
тгу	1
тд$	4
тда	17
тде	22
тди	1
тдо	5
тду	2
тды	4
те$	27
тё$	1
теа	8
теб	12
тев	18
тег	47
тед	9
теж	22
тез	19
теи	7
тей	50
тек	84
тёк	2
тел	1072
тем	73
тём	11
тен	182
тён	1
тео	26
теп	70
тёп	6
тер	539
тёр	5
тес	83
тет	117
тёт	5
теф	7
тех	58
тец	11
теч	36
теш	20
тещ	1
тёщ	1
тея	2
тжа	1
тжи	5
тза	4
тзв	2
тзо	1
тзы	5
ти$	240
тиа	14
тиб	12
тив	277
тиг	24
тид	16
тие	92
тиж	11
тиз	76
тии	1
тий	29
тик	214
тил	107
тим	98
тин	190
тио	8
тип	42
тир	230
тис	112
тит	448
тиу	2
тиф	25
тих	46
тиц	22
тич	286
тиш	19
тищ	3
тиэ	4
тия	38
тк$	2
тка	253
тке	3
тки	44
ткл	17
ткн	13
тко	51
ткр	26
тку	14
тл$	5
тла	34
тле	35
тлз	1
тли	88
тло	22
тлу	6
тлы	3
тль	2
тлю	1
тля	12
тм$	4
тма	23
тме	26
тми	12
тмо	11
тмс	1
тмщ	1
тмы	6
тмэ	1
тна	18
тне	30
тнё	4
тни	134
тнк	1
тно	272
тнт	1
тну	20
тны	471
тню	1
тня	18
то$	142
тоа	2
тоб	31
тов	314
тог	46
тод	33
тое	5
тож	27
тоз	7
тои	16
той	67
ток	121
тол	207
том	115
тон	175
тоо	5
топ	125
тор	540
тос	67
тот	38
тоу	3
тоф	19
тох	5
тоц	4
точ	152
тош	30
тощ	10
тоя	63
тп$	2
тпа	5
тпе	10
тпи	10
тпл	7
тпо	6
тпп	1
тпр	17
тпу	9
тр$	102
тра	551
трд	1
тре	356
трё	2
три	287
трк	3
трм	1
трн	1
тро	449
трр	5
трт	1
тру	174
трщ	1
тры	19
трь	2
трэ	2
трю	7
тря	61
тс$	9
тса	5
тсб	1
тсв	5
тсд	3
тсе	12
тсж	1
тси	6
тск	146
тсл	5
тсм	4
тсн	1
тсо	11
тср	2
тсс	1
тст	109
тсу	6
тсч	3
тсы	5
тсю	1
тся	22
тт$	13
тта	28
тте	25
тти	20
ттл	3
тто	22
ттр	3
ттс	1
тту	1
тть	1
ття	6
ту$	15
туа	41
туб	5
тув	2
туг	10
туд	22
туе	3
туж	10
туз	14
туи	6
тук	26
тул	25
тум	21
тун	22
туо	4
туп	124
тур	174
тус	22
тут	14
туф	4
тух	15
туц	10
туч	22
туш	35
тущ	5
туэ	1
тую	9
туя	1
тф$	2
тфа	2
тфе	3
тфи	2
тфо	5
тфр	1
тха	2
тхв	1
тхе	1
тхи	2
тхл	4
тхо	9
тц$	1
тца	1
тцв	1
тце	7
тцо	3
тч$	10
тча	19
тче	22
тчё	5
тчи	51
тчк	1
тчу	7
тша	5
тшв	1
тше	1
тши	5
тшл	2
тшу	5
тща	6
тще	8
тщи	1
тъ$	1
тъе	5
тъя	1
ты$	29
тыв	145
тыг	5
тыд	16
тые	1
тыж	1
тый	329
тык	26
тыл	19
тын	23
тыр	36
тыс	13
тыт	4
тых	5
тыч	3
тыш	8
тыщ	1
ть$	8687
тьб	1
тьд	2
тье	57
тьи	1
тьк	7
тьм	3
тьс	2977
тьф	2
тьч	1
тью	9
тья	19
тэ$	4
тэб	1
тэг	1
тэд	1
тэй	2
тэк	4
тэн	4
тэо	1
тэс	1
тэт	1
тэф	1
тэц	1
тюа	3
тюб	3
тюг	3
тюд	2
тюж	3
тюз	1
тюк	3
тюл	5
тюм	6
тюн	2
тюр	19
тют	2
тюф	1
тюх	2
тюш	6
тя$	19
тяб	6
тяв	1
тяг	57
тяж	48
тяз	9
тяй	2
тяк	7
тян	56
тяп	5
тяр	2
тят	1
тяц	1
тяч	3
тяш	1
тящ	7
уа$	18
уав	2
уаз	9
уай	3
уак	1
уал	60
уан	9
уап	1
уар	21
уас	2
уат	8
уац	9
уб$	22
уба	39
убб	4
убв	1
убд	1
убе	61
уби	83
убк	13
убл	47
убм	2
убн	15
убо	56
убп	1
убр	18
убс	5
убт	3
убу	2
убц	2
убч	4
убъ	7
убы	11
убь	4
убя	3
ув$	1
ува	41
увд	3
уве	66
уви	12
увл	13
увн	3
уво	14
увр	2
увс	27
увш	4
увы	3
увь	1
увя	12
уг$	21
уга	84
угв	2
угг	1
уге	1
уги	15
угл	45
угн	14
уго	84
угр	11
угу	13
уд$	27
уда	102
удв	8
удг	1
удд	5
уде	63
удж	2
удз	2
уди	126
удк	9
удл	12
удм	2
удн	55
удо	120
удр	37
удс	9
удт	1
уду	12
удш	9
уды	2
удь	6
удю	1
удя	4
уе$	1
уев	11
уед	5
уез	3
уем	29
уен	1
уес	1
ует	8
уеф	1
уех	1
уж$	4
ужа	50
ужб	5
ужд	55
уже	77
ужё	2
ужж	4
ужи	78
ужк	8
ужл	2
ужн	28
ужо	8
ужс	3
ужт	1
ужу	2
ужч	3
ужь	3
уз$	21
уза	21
узб	4
узв	1
узг	1
узд	12
узе	22
узи	37
узк	16
узл	3
узм	1
узн	29
узо	25
узр	2
узс	1
узу	4
узч	3
узы	12
узь	9
узя	2
уи$	1
уив	1
уид	2
уиз	9
уик	4
уил	13
уим	1
уин	9
уир	11
уис	5
уит	9
уиц	3
уй$	9
уйб	2
уйв	1
уйг	2
уйд	1
уйк	4
уйм	1
уйн	4
уйс	10
уйт	2
уйч	1
уйя	1
ук$	55
ука	54
укв	6
уке	9
уки	22
укк	3
укл	25
укм	1
укн	7
уко	85
укр	43
укс	11
укт	47
уку	11
укх	1
укц	15
укч	2
укш	1
укь	3
ул$	37
ула	54
улг	5
улд	1
уле	46
улё	1
ули	118
улк	10
улл	8
улм	1
уло	33
улт	5
улу	14
улф	2
улы	12
уль	164
улю	2
уля	83
ум$	66
ума	88
умб	13
умв	1
умг	1
уме	96
уми	45
умк	4
умл	9
умм	8
умн	48
умо	29
умп	5
умр	9
умс	7
уму	9
умф	3
умч	7
умы	28
умь	1
умэ	1
умя	6
ун$	64
уна	31
унг	9
унд	43
уне	8
унж	1
унз	2
уни	90
унк	32
унн	16
уно	29
унс	8
унт	17
уну	14
унц	3
унч	2
унш	2
уны	7
унь	9
уню	1
уня	5
уоб	2
уоз	4
уок	2
уол	8
уор	4
уос	1
уот	3
уп$	31
упа	79
упе	40
упи	68
упк	12
упл	29
упн	36
упо	80
упп	15
упр	74
упс	3
упт	2
упу	6
упц	6
упч	4
упщ	3
упы	9
упь	5
упю	1
ур$	49
ура	181
урб	13
урв	4
ург	57
урд	14
уре	40
урж	9
урз	3
ури	106
урк	32
урл	11
урм	19
урн	74
уро	84
урп	6
урр	2
урс	48
урт	14
уру	12
урф	4
урх	1
урц	2
урч	13
урш	5
урщ	1
уры	5
урь	13
урю	1
уря	13
ус$	108
уса	29
усв	7
усг	1
усе	17
усё	1
уси	46
уск	79
усл	43
усм	27
усн	31
усо	46
усп	28
уср	3
усс	48
уст	254
усу	8
усф	1
усц	1
усч	1
усы	19
усь	7
уся	6
ут$	54
ута	55
утб	5
утв	13
уте	55
утё	1
ути	87
утк	25
утл	6
утн	30
уто	85
утр	44
утс	25
утт	2
уту	10
утч	4
уты	49
уть	710
утю	3
утя	4
уул	1
уум	4
уф$	4
уфа	5
уфе	8
уфи	5
уфл	7
уфм	1
уфн	1
уфо	1
уфр	1
уфс	1
уфт	3
уфф	5
уфь	1
ух$	21
уха	58
ухв	3
ухг	5
ухд	2
ухе	1
ухи	11
ухк	2
ухл	11
ухм	8
ухн	17
ухо	58
ухс	3
ухт	6
уху	10
ухч	1
ухш	2
ухъ	2
ухэ	1
уца	1
уце	3
уци	21
уцк	4
уцы	1
уч$	9
уча	91
уче	74
учё	11
учи	142
учк	26
учл	1
учм	1
учн	40
учо	10
учр	8
учс	1
учт	5
учу	2
учч	2
учш	12
уш$	7
уша	68
ушв	1
уше	76
ушё	1
уши	85
ушк	98
ушл	4
ушм	2
ушн	39
ушо	7
ушс	1
ушт	1
ушу	4
ушч	1
ушь	4
уща	14
уще	66
ущи	38
ущн	4
ущо	2
ущь	1
уэб	1
уэз	1
уэй	6
уэл	15
уэн	3
уэр	10
уэс	2
уэт	4
уэц	1
ую$	17
уют	5
ующ	61
уя$	5
уяз	7
уян	3
уяс	2
уят	4
фа$	25
фаб	13
фав	6
фаг	5
фад	2
фаз	4
фаи	2
фай	7
фак	29
фал	28
фам	7
фан	63
фап	1
фар	27
фас	8
фат	11
фау	3
фаш	6
фаэ	2
фая	3
фба	1
фбр	1
фв$	1
фвк	1
фг$	1
фга	6
фгу	1
фе$	5
феа	2
феб	2
фев	5
фед	28
фёд	2
фее	8
феи	3
фей	24
фек	26
фел	29
фем	8
фен	14
фео	9
фер	83
фёр	1
фес	25
фет	19
феу	1
фех	3
фец	1
феш	3
фея	1
фз$	1
фзг	1
фи$	11
фиа	4
фиб	5
фив	4
фиг	27
фид	6
физ	32
фий	6
фик	56
фил	80
фим	12
фин	61
фио	12
фир	28
фис	20
фит	14
фиф	1
фих	1
фиц	48
фич	35
фиш	5
фия	37
фй$	1
фк$	1
фка	1
фко	1
фкц	1
фла	18
фле	23
фли	12
фло	20
флу	3
флэ	3
флю	4
фля	11
фм$	1
фма	5
фме	2
фми	1
фмо	2
фни	1
фно	3
фнс	2
фны	7
фо$	7
фоб	7
фов	11
фог	3
фод	2
фоз	1
фой	2
фок	18
фол	23
фом	8
фон	68
фор	154
фос	10
фот	41
фоу	1
фоф	1
фоц	1
фоч	1
фп$	1
фпг	1
фр$	3
фра	61
фрг	1
фре	38
фри	27
фро	38
фрс	1
фру	8
фрэ	5
фс$	2
фсб	2
фсе	3
фси	1
фск	9
фсо	3
фср	1
фст	5
фсф	1
фт$	11
фта	7
фтв	2
фте	15
фти	1
фтн	1
фто	5
фты	1
фть	8
фтя	3
фу$	4
фуб	1
фуг	4
фуд	1
фуж	2
фуз	5
фук	4
фул	1
фун	19
фур	15
фус	1
фут	10
фуф	3
фуц	4
фф$	8
ффа	4
ффе	25
ффи	11
ффл	2
ффм	1
ффо	1
ффр	2
ффт	3
ффу	2
ффш	2
фчи	2
фши	1
фшо	4
фшт	1
фыр	2
фь$	2
фье	6
фьо	1
фью	2
фья	2
фэн	2
фюз	1
фюм	3
фюр	1
фяк	1
фян	3
ха$	96
хаб	12
хав	3
хаг	4
хад	7
хаж	8
хаз	7
хаи	6
хай	21
хак	9
хал	32
хам	20
хан	73
хао	5
хап	3
хар	82
хас	9
хат	98
хау	6
хах	2
хач	5
хаэ	1
хаю	1
хая	2
хбо	1
хв$	1
хва	71
хви	2
хво	16
хвы	1
хга	5
хго	2
хде	1
хдн	4
хдс	1
хе$	3
хев	1
хед	4
хее	1
хей	8
хел	15
хем	8
хен	10
хео	3
хеп	1
хер	20
хес	1
хет	4
хех	1
хеш	1
хея	1
хза	2
хзв	1
хи$	6
хиа	6
хиб	1
хив	32
хид	7
хие	4
хиж	1
хиз	3
хий	7
хик	7
хил	14
хим	27
хин	27
хио	2
хип	6
хир	7
хис	7
хит	32
хих	4
хич	9
хиш	1
хищ	16
хия	10
хй$	1
хка	1
хко	2
хкр	1
хл$	1
хла	21
хлд	1
хле	35
хли	10
хло	40
хлу	1
хлы	13
хлю	2
хля	2
хм$	2
хма	22
хме	27
хми	1
хмм	2
хмо	3
хму	7
хмы	6
хна	2
хне	2
хни	26
хно	33
хну	109
хны	3
хня	2
хо$	19
хоа	6
хоб	5
хов	96
хог	4
ход	183
хое	1
хож	32
хоз	34
хой	7
хок	7
хол	72
хом	24
хон	29
хоо	1
хоп	9
хор	46
хос	15
хот	72
хоу	3
хоф	4
хох	10
хоч	1
хощ	1
хоэ	1
хпа	1
хпо	1
хпр	2
хр$	1
хра	56
хре	17
хри	26
хро	35
хру	17
хры	1
хрь	1
хрю	4
хря	2
хсе	1
хск	2
хсл	1
хсо	1
хсп	1
хст	6
хт$	5
хта	17
хтв	1
хте	12
хти	4
хтн	1
хто	7
хтс	1
хту	1
хты	1
ху$	7
хуа	3
хуг	3
худ	38
хуе	2
хуй	2
хук	1
хул	10
хум	5
хун	3
хур	3
хус	3
хут	1
хух	1
хуч	3
хуш	3
хую	1
хх$	2
хха	2
ххй	1
ххо	1
ххх	1
хцв	1
хча	3
хче	2
хчу	1
хши	4
хъе	1
хъя	2
хы$	1
хь$	1
хью	5
хэ$	1
хэв	1
хэй	1
хэл	1
хэм	2
хэн	3
хэп	1
хэр	1
хэт	4
хэш	1
ца$	273
цад	1
цае	3
цай	1
цан	10
цао	1
цап	4
цар	43
цат	59
цб$	2
цба	1
цбе	1
цбк	1
цбо	1
цбс	1
цбу	1
цве	40
цвы	1
цге	2
цда	1
цдл	1
цду	1
цдх	1
це$	19
цеб	2
цев	40
цег	1
цед	8
цез	3
цеи	1
цей	9
цек	1
цел	79
цем	8
цен	157
цеп	48
цер	33
цес	20
цет	5
цеф	2
цех	4
цец	1
цея	1
цза	1
цзе	1
цзи	1
цзы	1
цзэ	2
цзю	1
цзя	2
ци$	3
циа	61
цив	7
циг	4
цид	10
цие	3
циз	8
ции	5
ций	4
цик	19
цил	10
цим	2
цин	20
цио	237
цип	20
цир	57
цис	12
цит	23
циу	3
циф	17
циц	1
ция	505
цк$	8
цка	9
цкб	1
цке	1
цки	71
цко	6
цкр	1
цку	1
цла	3
цле	1
цль	1
цма	2
цме	1
цна	2
цнс	1
цну	1
цо$	12
цов	39
цог	4
цод	1
цой	1
цок	3
цом	1
цоп	2
цор	1
цот	1
цп$	1
цпк	1
цпл	1
цпо	2
цпр	1
цпу	1
црб	1
цре	1
цру	1
цск	1
цсл	1
цсп	1
цср	1
цте	1
цто	1
цуб	1
цуж	1
цуз	3
цук	3
цум	1
цун	2
цуп	1
цус	1
цую	1
цха	1
цца	2
цце	1
цци	1
ццк	1
цше	3
цшк	1
цы$	7
цыб	1
цыг	4
цый	3
цык	1
цын	11
цып	3
ць$	1
цэ$	1
цэф	1
цюр	1
ча$	52
чаа	1
чаб	1
чав	8
чаг	3
чад	5
чае	9
чаж	1
чаи	1
чай	40
чак	11
чал	44
чан	39
чао	1
чап	3
чар	42
час	94
чат	306
чах	5
чац	1
чач	1
чаш	3
чащ	14
чаэ	1
чаю	6
чая	13
чва	2
чве	2
че$	10
чё$	2
чеб	14
чёб	3
чев	59
чег	18
чее	4
чез	6
чеи	2
чей	12
чек	46
чел	51
чёл	2
чем	21
чём	2
чен	241
чён	6
чеп	4
чер	205
чёр	16
чес	703
чет	99
чёт	21
чех	9
чеч	15
чеш	6
чея	1
чжа	2
чжо	1
чжу	3
чи$	9
чиа	1
чиб	2
чив	218
чиг	1
чид	1
чие	21
чиж	6
чиз	1
чий	82
чик	140
чил	6
чим	9
чин	94
чио	1
чип	6
чир	5
чис	100
чит	365
чиф	1
чих	9
чиц	9
чич	6
чиш	3
чищ	12
чию	1
чия	1
чк$	3
чка	297
чке	2
чки	15
чко	34
чку	2
чле	15
чли	6
чма	3
чме	5
чмо	6
чна	7
чне	11
чнё	3
чни	51
чно	199
чну	5
чны	452
чня	3
чо$	7
чов	1
чок	63
чон	10
чоп	2
чор	4
чп$	2
чр$	1
чре	17
чри	1
чс$	1
чсе	1
чси	1
чст	1
чт$	2
чта	15
чте	10
чти	16
чтм	1
что	23
чть	1
чу$	4
чуб	2
чув	33
чуг	9
чуд	30
чуе	1
чуж	20
чуй	2
чук	17
чул	2
чум	6
чун	3
чуп	2
чур	15
чус	4
чут	9
чух	1
чуч	2
чуш	4
чущ	1
чуя	3
чфи	1
чче	1
ччи	3
чша	2
чше	4
чши	6
чшт	1
чь$	118
чье	5
чьё	1
чьс	25
чью	1
чья	1
чэн	1
ша$	108
шаб	6
шав	5
шаг	11
шад	3
шаж	1
шай	10
шак	12
шал	26
шам	14
шан	27
шап	7
шар	48
шас	3
шат	161
шаф	6
шах	13
шац	1
шач	2
шаш	4
шаю	4
шая	1
шби	1
шва	5
шве	14
шви	8
швы	9
ше$	19
шеа	2
шеб	5
шев	83
шёв	1
шег	1
шед	7
шее	11
шез	1
шеи	3
шей	8
шек	19
шел	38
шёл	15
шем	2
шен	174
шео	2
шеп	19
шёп	1
шер	38
шес	55
шет	14
шеу	3
шеф	4
шех	2
шеч	17
шещ	1
шея	2
ши$	5
шиа	1
шиб	31
шив	94
шид	1
шие	12
шиз	7
шии	2
ший	148
шик	9
шил	11
шим	12
шин	65
шип	8
шир	44
шис	9
шит	139
шиф	17
ших	3
шиц	3
шиш	5
шищ	1
шия	1
шк$	2
шка	204
шкв	2
шке	8
шки	41
шкл	1
шко	61
шку	5
шла	8
шле	28
шли	19
шло	5
шлы	6
шль	1
шлю	4
шля	18
шма	10
шме	5
шми	4
шмо	5
шму	1
шмы	3
шмя	2
шн$	2
шна	8
шне	17
шнз	1
шни	56
шно	41
шну	3
шны	58
шня	11
шо$	5
шоб	1
шов	19
шой	6
шок	28
шол	2
шом	3
шон	9
шоп	6
шор	8
шос	4
шот	6
шоу	3
шоф	2
шох	1
шоч	2
шпа	8
шпе	3
шпи	15
шпо	3
шпр	2
шра	4
шре	4
шри	2
шру	5
шск	4
шт$	3
шта	53
ште	25
шти	7
што	17
штр	10
шту	21
шты	4
штю	1
штя	1
шуа	4
шуб	6
шув	1
шуг	1
шуе	1
шуй	4
шук	2
шул	8
шум	19
шун	1
шур	13
шус	3
шут	17
шух	2
шуч	2
шуш	3
шущ	2
шуя	1
шха	1
шху	1
шца	1
шча	1
шчь	1
шым	1
шь$	27
шье	2
шья	1
шэ$	1
шэр	2
шюр	2
шют	4
шян	1
ща$	14
щав	5
щаг	2
щад	13
щае	1
щаз	1
щай	1
щак	2
щал	1
щан	17
щас	1
щат	141
щаю	4
щая	6
щвл	2
щдо	1
ще$	87
щё$	1
щеб	4
щев	18
щег	7
щед	8
щее	16
щеж	1
щеи	2
щей	3
щек	9
щёк	1
щел	17
щем	8
щен	145
щён	1
щео	1
щеп	20
щер	18
щес	52
щет	9
щеу	1
щеч	4
щи$	5
щив	14
щие	3
щий	254
щик	102
щим	1
щин	22
щип	5
щис	1
щит	65
щиц	9
щич	4
щищ	5
щлф	1
щме	1
щна	1
щне	1
щни	6
щно	16
щны	14
що$	1
щоб	3
щов	1
щот	1
щре	5
щри	3
щря	3
щук	3
щун	3
щуп	15
щур	8
щут	4
щуч	1
щущ	8
щь$	6
ъед	19
ъеж	2
ъез	19
ъек	20
ъем	22
ъём	10
ъер	1
ъес	7
ъет	1
ъех	7
ъюн	2
ъют	1
ъяв	16
ъяд	1
ъяз	1
ъян	2
ъяр	4
ъяс	17
ъят	7
ыба	16
ыбе	7
ыби	15
ыбк	5
ыбл	2
ыбн	5
ыбо	17
ыбр	10
ыбч	1
ыбы	3
ыбь	1
ыв$	17
ыва	632
ыве	14
ывё	1
ыви	10
ывк	5
ывн	25
ыво	21
ывч	8
ывш	3
ыг$	1
ыга	16
ыги	9
ыгл	4
ыгн	14
ыго	18
ыгр	24
ыгу	2
ыд$	2
ыда	15
ыдв	9
ыде	19
ыди	6
ыдк	1
ыдл	4
ыдн	6
ыдо	7
ыдр	2
ыдс	1
ыду	7
ыды	2
ые$	29
ыез	5
ыем	1
ыес	2
ыех	1
ыжа	3
ыжд	1
ыже	5
ыжи	15
ыжк	4
ыжн	7
ыжо	3
ыжс	1
ыза	3
ызв	4
ызг	8
ызд	4
ызе	1
ызл	1
ызн	4
ызо	2
ызр	3
ызс	2
ызт	5
ызу	2
ызы	5
ыиг	4
ыис	1
ый$	5784
ыйг	1
ыйт	1
ык$	20
ыка	52
ыкв	2
ыки	4
ыкл	10
ыкн	11
ыко	28
ыкр	12
ыкт	2
ыку	6
ыл$	6
ыла	25
ыле	19
ыли	24
ылк	17
ыло	22
ылу	1
ылы	7
ыль	30
ыля	7
ым$	13
ыма	14
ыме	7
ыми	8
ымк	2
ымн	1
ымо	14
ымп	3
ымр	1
ымс	3
ыму	1
ымч	1
ымы	5
ымя	2
ын$	13
ына	3
ынд	1
ыне	7
ынз	1
ыни	9
ынк	4
ынн	3
ыно	21
ынс	7
ынт	1
ыну	12
ынч	1
ыны	3
ынь	6
ыню	1
ыня	16
ыоб	1
ыпа	36
ыпе	4
ыпи	14
ыпк	1
ыпл	16
ыпн	2
ыпо	16
ыпр	13
ыпу	15
ыпч	1
ыпы	1
ыпь	4
ыпя	2
ыр$	3
ыра	33
ырв	2
ырг	2
ырд	1
ыре	23
ырё	1
ыри	10
ырк	10
ырл	1
ырн	17
ыро	18
ырс	5
ыру	13
ырц	1
ыры	4
ырь	18
ыря	15
ыс$	5
ыса	10
ысв	9
ысе	14
ыси	12
ыск	46
ысл	67
ысм	5
ысн	1
ысо	54
ысп	2
ыст	48
ысу	3
ысх	2
ысц	1
ысч	2
ысш	2
ысы	11
ысь	4
ысю	1
ыся	7
ыт$	4
ыта	19
ытв	2
ыте	9
ыти	27
ытк	5
ытл	2
ытн	20
ыто	31
ытр	5
ытс	3
ыту	2
ытц	1
ытч	1
ыты	20
ыть	109
ытя	9
ыуд	1
ыуж	1
ыуч	4
ых$	20
ыха	33
ыхв	2
ыхи	3
ыхл	5
ыхн	10
ыхо	11
ыхт	1
ыху	1
ыц$	1
ыца	4
ыцв	2
ыцк	1
ыч$	20
ыча	19
ыче	13
ычи	17
ычк	12
ычл	3
ычн	19
ычо	4
ычу	1
ыш$	22
ыша	26
ышв	2
ыше	40
ыши	13
ышк	33
ышл	23
ышн	18
ышо	4
ышс	1
ышу	1
ышц	1
ышь	3
ыщ$	1
ыща	4
ыще	5
ыщи	2
ыщл	1
ыяв	5
ыяс	6
ьба	18
ьбе	13
ьби	4
ьбо	5
ьбр	3
ьбу	3
ьва	14
ьве	5
ьви	9
ьво	7
ьга	10
ьге	3
ьги	10
ьго	5
ьгр	1
ьгу	2
ьд$	16
ьда	8
ьдб	1
ьде	9
ьди	12
ьдм	2
ьдо	6
ьдс	2
ьдт	1
ьду	1
ьдф	1
ьдш	3
ьдь	1
ьдя	2
ье$	219
ьё$	4
ьев	77
ьёв	1
ьед	1
ьез	10
ьёз	10
ьёй	1
ьек	1
ьем	1
ьём	1
ьен	4
ьер	37
ьес	2
ьет	9
ьёт	3
ьеф	4
ьжа	1
ьже	1
ьжи	1
ьз$	1
ьза	10
ьзе	1
ьзи	2
ьзк	2
ьзн	6
ьзо	19
ьзу	1
ьзы	3
ьзь	1
ьзя	4
ьин	11
ьир	2
ьит	1
ьиц	1
ьич	3
ьй$	1
ька	125
ьки	74
ькл	2
ькн	2
ько	39
ькс	1
ьку	8
ьле	1
ьм$	13
ьма	29
ьме	15
ьмё	2
ьми	14
ьмо	11
ьмс	1
ьмт	1
ьму	1
ьмы	1
ьн$	2
ьна	4
ьне	9
ьни	107
ьно	412
ьну	10
ьны	783
ьню	1
ьня	15
ьо$	2
ьон	13
ьор	6
ьот	1
ьп$	1
ьпа	2
ьпе	2
ьпи	5
ьпо	1
ьпт	3
ьпы	1
ьри	2
ьс$	9
ьса	2
ьсе	1
ьси	19
ьск	114
ьсн	1
ьсо	14
ьст	99
ься	2999
ьт$	17
ьта	17
ьте	16
ьти	29
ьтк	1
ьтн	2
ьто	8
ьтр	17
ьтс	1
ьту	18
ьтф	1
ьтш	2
ьтя	1
ьф$	15
ьфа	4
ьфг	1
ьфе	1
ьфи	7
ьфо	4
ьфр	3
ьфс	1
ьфу	1
ьх$	1
ьха	3
ьхе	1
ьхи	1
ьхо	6
ьц$	3
ьца	1
ьцб	1
ьцг	1
ьце	13
ьцз	1
ьци	3
ьцо	3
ьча	8
ьче	9
ьчж	2
ьчи	15
ьчо	1
ьчу	3
ьша	8
ьше	12
ьши	17
ьшо	5
ьшт	4
ьшу	1
ьшь	1
ьща	3
ьще	1
ьщи	22
ью$	12
ьюа	1
ьюг	3
ьюд	1
ьюе	1
ьюз	3
ьюи	3
ьюк	2
ьюл	1
ьюн	2
ьюр	3
ьюс	3
ьют	10
ьюч	3
ьюш	2
ьющ	3
ьюэ	2
ья$	41
ьяв	3
ьяг	1
ьяж	2
ьяк	9
ьял	2
ьям	7
ьян	65
ьяр	5
ьяс	3
ьят	2
ьяч	4
эб$	1
эбб	3
эби	2
эбл	1
эв$	2
эва	8
эве	8
эви	4
эвк	1
эвм	1
эво	6
эвр	3
эвт	1
эвф	2
эвэ	1
эг$	3
эга	1
эгг	1
эге	2
эги	1
эго	10
эгр	1
эд$	4
эда	3
эдв	3
эдг	1
эдд	3
эде	3
эдж	1
эди	12
эдл	2
эдм	1
эдн	1
эдо	1
эду	4
эдэ	1
эз$	1
эзи	2
эзо	3
эзс	1
эи$	1
эй$	14
эйб	1
эйв	1
эйг	1
эйд	5
эйз	5
эйк	1
эйл	5
эйм	1
эйн	4
эйр	1
эйт	1
эйф	3
эйх	1
эйч	1
эк$	9
эка	1
экв	7
экг	1
эке	2
экз	16
эки	4
экл	4
эко	30
экр	8
экс	89
экш	1
эл$	5
эла	4
элв	1
элд	1
эле	64
эли	12
элл	23
элм	1
эло	1
элс	2
элт	4
элу	1
элф	1
эль	40
элю	1
эля	1
эм$	7
эма	7
эмб	6
эме	2
эми	17
эмк	1
эмм	6
эмо	4
эмп	5
эму	4
эмф	1
эн$	18
эна	1
энв	1
энг	4
энд	23
эне	24
эни	1
энк	4
энл	2
энн	7
эно	1
энр	3
энс	6
энт	7
энф	1
энц	4
энш	1
энь	2
эо$	2
эп$	5
эпа	3
эпи	23
эпо	7
эпп	2
эпт	1
эпш	1
эр$	16
эра	5
эрв	1
эрг	1
эрд	2
эре	4
эрз	1
эри	17
эрл	3
эрм	2
эрн	3
эро	27
эрр	3
эрс	1
эрт	5
эру	3
эрф	2
эрх	1
эрц	1
эс$	7
эсе	1
эси	1
эск	16
эсл	1
эсм	2
эсо	2
эсп	2
эср	1
эсс	5
эст	17
эсх	2
эсэ	2
эт$	12
эта	25
эте	2
эти	23
этк	2
этл	2
этм	2
этн	11
это	6
этр	5
этт	5
этч	2
эты	1
эть	7
этю	2
эу$	2
эф$	1
эфе	2
эфи	8
эфр	2
эфф	13
эх$	1
эха	1
эхе	1
эхо	2
эху	1
эц$	1
эцк	1
эцп	1
эш$	6
эша	2
эшб	1
эше	2
эши	1
эшк	1
эшл	1
эшт	1
эый	1
ээ$	3
эээ	3
эяк	1
юан	3
юар	6
юб$	3
юба	2
юбв	2
юбе	9
юби	46
юбк	2
юбл	11
юбн	4
юбо	29
юбу	1
юбы	1
юбэ	1
юбя	1
юв$	1
юва	2
юве	5
юг$	4
юга	6
югг	1
юге	3
юги	1
юго	7
югр	1
юд$	4
юда	15
юдв	1
юде	8
юдж	11
юдз	1
юди	7
юдк	1
юдм	2
юдн	7
юдо	9
юдс	3
юду	3
юдц	1
юдь	4
юев	1
юем	1
юер	1
южа	1
юже	8
южи	7
южк	1
южн	8
южс	1
юз$	10
юза	5
юзг	1
юзе	3
юзж	1
юзи	8
юзн	8
юзо	4
юид	1
юик	1
юир	1
юис	1
юит	2
юй$	1
юйм	2
юк$	19
юка	7
юкв	2
юке	1
юкз	2
юки	3
юкм	1
юкн	1
юко	7
юкс	5
юла	1
юле	6
юли	9
юлл	4
юло	3
юль	15
юлю	1
юля	4
юм$	7
юма	3
юме	5
юми	11
юмк	1
юмл	1
юмо	7
юмп	1
юмч	1
юмы	1
юн$	4
юна	4
юнг	3
юнд	1
юне	5
юни	10
юнк	6
юнн	1
юно	6
юнт	2
юну	7
юнх	3
юны	1
юнь	2
юня	4
юпа	1
юпи	5
юпк	1
юпп	1
юр$	6
юра	16
юрб	1
юрг	2
юре	5
юри	23
юрк	9
юрм	2
юрн	4
юро	16
юрп	1
юрр	4
юрс	1
юрт	3
юру	1
юрф	1
юрч	1
юрь	7
юря	1
юс$	11
юсе	4
юси	2
юск	1
юсм	1
юсн	1
юсо	1
юсс	5
юст	22
юсу	2
юсш	1
юсь	2
юсю	1
юся	2
ют$	8
юта	8
юте	9
юти	9
ютк	2
ютн	14
юто	8
ютч	1
юты	1
ють	2
юфе	1
юфи	1
юфт	2
юфф	1
юфя	1
юх$	2
юха	15
юхе	2
юхи	4
юхн	1
юхо	2
юци	22
юч$	1
юча	19
юче	22
ючё	1
ючи	29
ючк	7
ючн	3
ючо	1
юша	11
юше	1
юши	4
юшк	18
юшн	5
юшо	2
ющ$	1
юща	2
юще	32
ющи	139
юый	1
юэл	2
юэн	1
яак	1
яба	3
ябе	1
яби	8
ябк	1
ябл	8
ябн	2
ябо	3
ябр	8
ябц	1
ябч	1
ябь	1
яв$	1
ява	4
яви	21
явк	9
явл	29
явн	5
яво	5
явс	4
яву	1
явц	1
явш	1
явщ	1
явы	10
явь	1
яг$	3
яга	31
ягв	1
яге	1
яги	40
ягк	3
ягн	4
яго	20
ягу	5
ягч	8
яд$	20
яда	5
ядв	1
яде	25
яди	18
ядк	13
ядл	1
ядн	26
ядо	27
ядр	2
ядс	1
яду	4
ядч	3
ядш	1
яды	16
ядь	8
ядю	1
ядя	1
яев	5
яек	1
яем	19
яец	1
яж$	10
яжа	11
яжб	1
яже	35
яжё	8
яжи	5
яжк	18
яжн	14
яжь	1
яз$	4
яза	56
язв	11
язг	4
язе	5
язи	3
язк	13
язл	2
язн	33
язо	4
язу	1
язч	5
язы	38
язь	15
яиз	1
яин	1
яич	5
яй$	6
яйк	2
яйн	2
яйс	11
яйц	2
як$	62
яка	13
яки	8
якн	11
яко	43
якр	1
якс	2
яку	10
яле	2
яли	5
ялк	2
яло	6
ялт	3
ялы	3
яль	10
ялю	1
яля	1
ям$	5
яма	9
ямб	2
яме	1
ями	10
ямк	3
ямл	5
ямо	11
ямп	1
ямс	3
яму	3
ямщ	1
ямы	1
ямь	1
ян$	30
яна	8
янв	3
янг	1
янд	6
яне	11
яни	78
янк	35
янн	35
яно	42
янс	29
янт	6
яну	61
янц	4
янч	4
яны	15
янь	10
яню	1
яня	4
яо$	1
яоп	1
яп$	2
япа	8
япи	3
япк	4
япн	4
япо	7
япп	1
япр	2
япу	1
япч	1
япь	1
яр$	16
яра	2
ярд	4
яре	4
яри	15
ярк	6
ярл	1
ярм	3
ярн	26
яро	13
ярс	5
яру	3
ярц	1
ярч	1
яры	3
ярь	1
яс$	5
яса	13
ясе	6
яси	4
яск	7
ясл	3
ясн	53
ясо	4
ясп	1
яст	20
ясы	3
ясь	3
яся	1
ят$	7
ята	19
ятв	2
яте	53
яти	90
ятк	13
ятл	4
ятн	70
ято	43
ятс	11
ятт	2
яту	1
яты	23
ять	716
яу$	1
яуз	2
яук	2
яфе	1
ях$	1
яха	3
яхи	6
яхл	2
яхн	7
яхо	1
яхт	6
яц$	6
яци	47
яцк	2
яч$	2
яча	3
яче	18
ячи	25
ячк	4
ячм	3
ячн	19
ячо	13
ячь	5
яш$	1
яша	2
яше	1
яши	1
яшк	10
яшл	2
яшм	1
яшн	1
яшо	1
ящ$	1
яща	4
яще	22
ящё	1
ящи	61
ящн	2
яюш	1
яющ	10
яя$	2
